"0xbce6d09b800d0bc03f34ef93ed356519faec64d0","","0"
"0xbce6d09b800d0bc03f34ef93ed356519faec64d0","0xe4ffd96b5e6d2b6cdb91030c48cc932756c951b5","0"
"0xbce6d09b800d0bc03f34ef93ed356519faec64d0","0xe4ffd96b5e6d2b6cdb91030c48cc932756c951b5","0"
"0xbce6d09b800d0bc03f34ef93ed356519faec64d0","0xe4ffd96b5e6d2b6cdb91030c48cc932756c951b5","0"
"0xbce6d09b800d0bc03f34ef93ed356519faec64d0","0xe4ffd96b5e6d2b6cdb91030c48cc932756c951b5","0"
"0xe857656b7804ecc0d0d0fd643c6cfb69063a7d1a","0xe4ffd96b5e6d2b6cdb91030c48cc932756c951b5","0"
"0xe857656b7804ecc0d0d0fd643c6cfb69063a7d1a","0xe4ffd96b5e6d2b6cdb91030c48cc932756c951b5","0"
"0xe857656b7804ecc0d0d0fd643c6cfb69063a7d1a","0xe4ffd96b5e6d2b6cdb91030c48cc932756c951b5","0"
"0xe857656b7804ecc0d0d0fd643c6cfb69063a7d1a","0xe4ffd96b5e6d2b6cdb91030c48cc932756c951b5","0"
"0x358de7bae44025257eae6dd2d9774e7cbdbeeeb2","0xe4ffd96b5e6d2b6cdb91030c48cc932756c951b5","0"
"0x358de7bae44025257eae6dd2d9774e7cbdbeeeb2","0xe4ffd96b5e6d2b6cdb91030c48cc932756c951b5","0"
"0x5a76ea2b8ecbb5622ae69e6aed1ff60a9f353d4c","0xe4ffd96b5e6d2b6cdb91030c48cc932756c951b5","0"
"0x3dfe840869f6a11acc4c8c59a827671320549532","0xe4ffd96b5e6d2b6cdb91030c48cc932756c951b5","0"
"0x867d6b56809d4545a7f53e1d4fabe9086fdeb60b","0xe4ffd96b5e6d2b6cdb91030c48cc932756c951b5","0"
"0x60e2a272b6233d4fe08908bfa6ea44518501732a","0xe4ffd96b5e6d2b6cdb91030c48cc932756c951b5","0"
"0x9c8fad7b297c634023ea5bface00bf2c2c985ec2","0xe4ffd96b5e6d2b6cdb91030c48cc932756c951b5","0"
"0x5f1961f13427bfc1d3b4d275c36f7717eb4cf0b6","0xe4ffd96b5e6d2b6cdb91030c48cc932756c951b5","0"
"0x9cb0a6b520d5c1fdf700beba8fe1b0866ef619e6","0xe4ffd96b5e6d2b6cdb91030c48cc932756c951b5","0"
"0xeee138b5b4a558c5debc23d969138a54a297ddf3","0xe4ffd96b5e6d2b6cdb91030c48cc932756c951b5","0"
"0x32000b565101e495d6e4b531d8251e0a0b3c7341","0xe4ffd96b5e6d2b6cdb91030c48cc932756c951b5","0"
"0xeee138b5b4a558c5debc23d969138a54a297ddf3","0xe4ffd96b5e6d2b6cdb91030c48cc932756c951b5","0"
"0x825e538a8cd4d1ccf42f0974f69003f91fe4c9c3","0xe4ffd96b5e6d2b6cdb91030c48cc932756c951b5","0"
"0xbb0f66f52ccefc7d36c50d7e7c2c208e53c09cc6","0xe4ffd96b5e6d2b6cdb91030c48cc932756c951b5","0"
"0x5a76ea2b8ecbb5622ae69e6aed1ff60a9f353d4c","0xe4ffd96b5e6d2b6cdb91030c48cc932756c951b5","0"
"0x5f1961f13427bfc1d3b4d275c36f7717eb4cf0b6","0xe4ffd96b5e6d2b6cdb91030c48cc932756c951b5","0"
"0x5f1961f13427bfc1d3b4d275c36f7717eb4cf0b6","0xe4ffd96b5e6d2b6cdb91030c48cc932756c951b5","0"
"0x867d6b56809d4545a7f53e1d4fabe9086fdeb60b","0xe4ffd96b5e6d2b6cdb91030c48cc932756c951b5","0"
"0x5f1961f13427bfc1d3b4d275c36f7717eb4cf0b6","0xe4ffd96b5e6d2b6cdb91030c48cc932756c951b5","0"
"0x3dfe840869f6a11acc4c8c59a827671320549532","0xe4ffd96b5e6d2b6cdb91030c48cc932756c951b5","0"
"0x9c8fad7b297c634023ea5bface00bf2c2c985ec2","0xe4ffd96b5e6d2b6cdb91030c48cc932756c951b5","0"
"0xbb0f66f52ccefc7d36c50d7e7c2c208e53c09cc6","0xe4ffd96b5e6d2b6cdb91030c48cc932756c951b5","0"
"0x825e538a8cd4d1ccf42f0974f69003f91fe4c9c3","0xe4ffd96b5e6d2b6cdb91030c48cc932756c951b5","0"
"0xeee138b5b4a558c5debc23d969138a54a297ddf3","0xe4ffd96b5e6d2b6cdb91030c48cc932756c951b5","0"
"0x248535910a53b798ed5961396a1b007275728319","0xe4ffd96b5e6d2b6cdb91030c48cc932756c951b5","0"
"0x60e2a272b6233d4fe08908bfa6ea44518501732a","0xe4ffd96b5e6d2b6cdb91030c48cc932756c951b5","0"
"0x248535910a53b798ed5961396a1b007275728319","0xe4ffd96b5e6d2b6cdb91030c48cc932756c951b5","0"
"0x533d94255adabe5f9ac7d6755ebce1e93a00afc7","0xe4ffd96b5e6d2b6cdb91030c48cc932756c951b5","0"
"0xeee138b5b4a558c5debc23d969138a54a297ddf3","0xe4ffd96b5e6d2b6cdb91030c48cc932756c951b5","0"
"0x533d94255adabe5f9ac7d6755ebce1e93a00afc7","0xe4ffd96b5e6d2b6cdb91030c48cc932756c951b5","0"
"0x9f7610115501abd147d1d82ce92cea2a716690ed","0xe4ffd96b5e6d2b6cdb91030c48cc932756c951b5","0"
"0x1f4bdadc7c0643b109756a3887e49629ddd14674","0xe4ffd96b5e6d2b6cdb91030c48cc932756c951b5","0"
"0x9c8fad7b297c634023ea5bface00bf2c2c985ec2","0xe4ffd96b5e6d2b6cdb91030c48cc932756c951b5","0"
"0xd307afd66f957cf2ac369bfe93805d240328be80","0xe4ffd96b5e6d2b6cdb91030c48cc932756c951b5","0"
"0x9cb0a6b520d5c1fdf700beba8fe1b0866ef619e6","0xe4ffd96b5e6d2b6cdb91030c48cc932756c951b5","0"
"0x5a76ea2b8ecbb5622ae69e6aed1ff60a9f353d4c","0xe4ffd96b5e6d2b6cdb91030c48cc932756c951b5","0"
"0x32000b565101e495d6e4b531d8251e0a0b3c7341","0xe4ffd96b5e6d2b6cdb91030c48cc932756c951b5","0"
"0x3dfe840869f6a11acc4c8c59a827671320549532","0xe4ffd96b5e6d2b6cdb91030c48cc932756c951b5","0"
"0x28fcf875062dd83d58356097f002deb0e4aa82e6","0xe4ffd96b5e6d2b6cdb91030c48cc932756c951b5","0"
"0x28fcf875062dd83d58356097f002deb0e4aa82e6","0xe4ffd96b5e6d2b6cdb91030c48cc932756c951b5","0"
"0x243d8474e5c0ce6c336e52ea58adb5d12585cfed","0xe4ffd96b5e6d2b6cdb91030c48cc932756c951b5","0"
"0x05e15f2b6e3bf8ef76d80f0398eb511c9c76f052","0xe4ffd96b5e6d2b6cdb91030c48cc932756c951b5","0"
"0x248535910a53b798ed5961396a1b007275728319","0xe4ffd96b5e6d2b6cdb91030c48cc932756c951b5","0"
"0x248535910a53b798ed5961396a1b007275728319","0xe4ffd96b5e6d2b6cdb91030c48cc932756c951b5","0"
"0xbb0f66f52ccefc7d36c50d7e7c2c208e53c09cc6","0xe4ffd96b5e6d2b6cdb91030c48cc932756c951b5","0"
"0xbb0f66f52ccefc7d36c50d7e7c2c208e53c09cc6","0xe4ffd96b5e6d2b6cdb91030c48cc932756c951b5","0"
"0x9f7610115501abd147d1d82ce92cea2a716690ed","0xe4ffd96b5e6d2b6cdb91030c48cc932756c951b5","0"
"0x28fcf875062dd83d58356097f002deb0e4aa82e6","0xe4ffd96b5e6d2b6cdb91030c48cc932756c951b5","0"
"0x60e2a272b6233d4fe08908bfa6ea44518501732a","0xe4ffd96b5e6d2b6cdb91030c48cc932756c951b5","0"
"0xeee138b5b4a558c5debc23d969138a54a297ddf3","0xe4ffd96b5e6d2b6cdb91030c48cc932756c951b5","0"
"0x248535910a53b798ed5961396a1b007275728319","0xe4ffd96b5e6d2b6cdb91030c48cc932756c951b5","0"
"0xbb0f66f52ccefc7d36c50d7e7c2c208e53c09cc6","0xe4ffd96b5e6d2b6cdb91030c48cc932756c951b5","0"
"0x9cb0a6b520d5c1fdf700beba8fe1b0866ef619e6","0xe4ffd96b5e6d2b6cdb91030c48cc932756c951b5","0"
"0x1f4bdadc7c0643b109756a3887e49629ddd14674","0xe4ffd96b5e6d2b6cdb91030c48cc932756c951b5","0"
"0xc31db2e710192791b65de43d4b84886a6d770322","0xe4ffd96b5e6d2b6cdb91030c48cc932756c951b5","0"
"0x867d6b56809d4545a7f53e1d4fabe9086fdeb60b","0xe4ffd96b5e6d2b6cdb91030c48cc932756c951b5","0"
"0xf78a149be085ff02bc5de35578d52055a47a619e","0xe4ffd96b5e6d2b6cdb91030c48cc932756c951b5","0"
"0x533d94255adabe5f9ac7d6755ebce1e93a00afc7","0xe4ffd96b5e6d2b6cdb91030c48cc932756c951b5","0"
"0xbb0f66f52ccefc7d36c50d7e7c2c208e53c09cc6","0xe4ffd96b5e6d2b6cdb91030c48cc932756c951b5","0"
"0x533d94255adabe5f9ac7d6755ebce1e93a00afc7","0xe4ffd96b5e6d2b6cdb91030c48cc932756c951b5","0"
"0x248535910a53b798ed5961396a1b007275728319","0xe4ffd96b5e6d2b6cdb91030c48cc932756c951b5","0"
"0x5f0fd738109dc22cc8290aff8acd2af22b0b9c4a","0xe4ffd96b5e6d2b6cdb91030c48cc932756c951b5","0"
"0x248535910a53b798ed5961396a1b007275728319","0xe4ffd96b5e6d2b6cdb91030c48cc932756c951b5","0"
"0x6e93ebc8302890ff1d1befd779d1db131ef30d4d","0xe4ffd96b5e6d2b6cdb91030c48cc932756c951b5","0"
"0x35848fc8cbd1c6032ff441af5520de66eb75bce2","0xe4ffd96b5e6d2b6cdb91030c48cc932756c951b5","0"
"0x6e93ebc8302890ff1d1befd779d1db131ef30d4d","0xe4ffd96b5e6d2b6cdb91030c48cc932756c951b5","0"
"0xca214150c6df8848b2488f33f2c35f2417265798","0xe4ffd96b5e6d2b6cdb91030c48cc932756c951b5","0"
"0xd7a98d34cd49dd203cac9752ea400ee309a5f602","0xe4ffd96b5e6d2b6cdb91030c48cc932756c951b5","0"
"0xd307afd66f957cf2ac369bfe93805d240328be80","0xe4ffd96b5e6d2b6cdb91030c48cc932756c951b5","0"
"0x5f1961f13427bfc1d3b4d275c36f7717eb4cf0b6","0xe4ffd96b5e6d2b6cdb91030c48cc932756c951b5","0"
"0x35848fc8cbd1c6032ff441af5520de66eb75bce2","0xe4ffd96b5e6d2b6cdb91030c48cc932756c951b5","0"
"0xa3953352beab67861e5a7fff47f36611a1ff5335","0xe4ffd96b5e6d2b6cdb91030c48cc932756c951b5","0"
"0xc31db2e710192791b65de43d4b84886a6d770322","0xe4ffd96b5e6d2b6cdb91030c48cc932756c951b5","0"
"0xa4ec0b861da15e2ad3496fbd8dbe2bb8d569b760","0xe4ffd96b5e6d2b6cdb91030c48cc932756c951b5","0"
"0xd7a98d34cd49dd203cac9752ea400ee309a5f602","0xe4ffd96b5e6d2b6cdb91030c48cc932756c951b5","0"
"0xd81a19b8b3be4912018b32ad634c0ca873f45189","0xe4ffd96b5e6d2b6cdb91030c48cc932756c951b5","0"
"0x9cb0a6b520d5c1fdf700beba8fe1b0866ef619e6","0xe4ffd96b5e6d2b6cdb91030c48cc932756c951b5","0"
"0xd7a98d34cd49dd203cac9752ea400ee309a5f602","0xe4ffd96b5e6d2b6cdb91030c48cc932756c951b5","0"
"0x5efb378b18682bee1acf36f2d04acc93b81e5ad3","0xe4ffd96b5e6d2b6cdb91030c48cc932756c951b5","0"
"0xca214150c6df8848b2488f33f2c35f2417265798","0xe4ffd96b5e6d2b6cdb91030c48cc932756c951b5","0"
"0xc250faac530589cce5a5c22e5f0961fa212542c1","0xe4ffd96b5e6d2b6cdb91030c48cc932756c951b5","0"
"0x243d8474e5c0ce6c336e52ea58adb5d12585cfed","0xe4ffd96b5e6d2b6cdb91030c48cc932756c951b5","0"
"0xbb0f66f52ccefc7d36c50d7e7c2c208e53c09cc6","0xe4ffd96b5e6d2b6cdb91030c48cc932756c951b5","0"
"0x5a8c9e714082f1af7eb9d12600fbcfb91dfe2258","0xe4ffd96b5e6d2b6cdb91030c48cc932756c951b5","0"
"0xf78a149be085ff02bc5de35578d52055a47a619e","0xe4ffd96b5e6d2b6cdb91030c48cc932756c951b5","0"
"0xeee138b5b4a558c5debc23d969138a54a297ddf3","0xe4ffd96b5e6d2b6cdb91030c48cc932756c951b5","0"
"0x5a8c9e714082f1af7eb9d12600fbcfb91dfe2258","0xe4ffd96b5e6d2b6cdb91030c48cc932756c951b5","0"
"0x7263198c709a456cfdb9d968c9ec56dfb111e5b2","0xe4ffd96b5e6d2b6cdb91030c48cc932756c951b5","0"
"0x243d8474e5c0ce6c336e52ea58adb5d12585cfed","0xe4ffd96b5e6d2b6cdb91030c48cc932756c951b5","0"
"0xeee138b5b4a558c5debc23d969138a54a297ddf3","0xe4ffd96b5e6d2b6cdb91030c48cc932756c951b5","0"
"0xeee138b5b4a558c5debc23d969138a54a297ddf3","0xe4ffd96b5e6d2b6cdb91030c48cc932756c951b5","0"
"0x533d94255adabe5f9ac7d6755ebce1e93a00afc7","0xe4ffd96b5e6d2b6cdb91030c48cc932756c951b5","0"
"0x243d8474e5c0ce6c336e52ea58adb5d12585cfed","0xe4ffd96b5e6d2b6cdb91030c48cc932756c951b5","0"
"0xfeec32efba1f7ae305ec3ea0b694a5f07b39f390","0xe4ffd96b5e6d2b6cdb91030c48cc932756c951b5","0"
"0xfeec32efba1f7ae305ec3ea0b694a5f07b39f390","0xe4ffd96b5e6d2b6cdb91030c48cc932756c951b5","0"
"0xe857656b7804ecc0d0d0fd643c6cfb69063a7d1a","0xe4ffd96b5e6d2b6cdb91030c48cc932756c951b5","0"
"0x9f7610115501abd147d1d82ce92cea2a716690ed","0xe4ffd96b5e6d2b6cdb91030c48cc932756c951b5","0"
"0xc31db2e710192791b65de43d4b84886a6d770322","0xe4ffd96b5e6d2b6cdb91030c48cc932756c951b5","0"
"0xc250faac530589cce5a5c22e5f0961fa212542c1","0xe4ffd96b5e6d2b6cdb91030c48cc932756c951b5","0"
"0x6e93ebc8302890ff1d1befd779d1db131ef30d4d","0xe4ffd96b5e6d2b6cdb91030c48cc932756c951b5","0"
"0x5a8c9e714082f1af7eb9d12600fbcfb91dfe2258","0xe4ffd96b5e6d2b6cdb91030c48cc932756c951b5","0"
"0x5f1961f13427bfc1d3b4d275c36f7717eb4cf0b6","0xe4ffd96b5e6d2b6cdb91030c48cc932756c951b5","0"
"0xd7a98d34cd49dd203cac9752ea400ee309a5f602","0xe4ffd96b5e6d2b6cdb91030c48cc932756c951b5","0"
"0xa3953352beab67861e5a7fff47f36611a1ff5335","0xe4ffd96b5e6d2b6cdb91030c48cc932756c951b5","0"
"0xd7a98d34cd49dd203cac9752ea400ee309a5f602","0xe4ffd96b5e6d2b6cdb91030c48cc932756c951b5","0"
"0x5e1e164ab21828fcee0bddf0641f05e6da842ff7","0xe4ffd96b5e6d2b6cdb91030c48cc932756c951b5","0"
"0x85bc9206af54a6b0021f572de228596223f517b7","0xe4ffd96b5e6d2b6cdb91030c48cc932756c951b5","0"
"0x93f5af632ce523286e033f0510e9b3c9710f4489","0xe4ffd96b5e6d2b6cdb91030c48cc932756c951b5","0"
"0xfeec32efba1f7ae305ec3ea0b694a5f07b39f390","0xe4ffd96b5e6d2b6cdb91030c48cc932756c951b5","0"
"0x14e56cf9e6257475f9b6310adc98865fc24d6504","0xe4ffd96b5e6d2b6cdb91030c48cc932756c951b5","0"
"0x6e93ebc8302890ff1d1befd779d1db131ef30d4d","0xe4ffd96b5e6d2b6cdb91030c48cc932756c951b5","0"
"0xc31db2e710192791b65de43d4b84886a6d770322","0xe4ffd96b5e6d2b6cdb91030c48cc932756c951b5","0"
"0x5e1e164ab21828fcee0bddf0641f05e6da842ff7","0xe4ffd96b5e6d2b6cdb91030c48cc932756c951b5","0"
"0xa914c3f59abc6deae86e39d2ae538c2ffbe95562","0xe4ffd96b5e6d2b6cdb91030c48cc932756c951b5","0"
"0x5e1e164ab21828fcee0bddf0641f05e6da842ff7","0xe4ffd96b5e6d2b6cdb91030c48cc932756c951b5","0"
"0x35848fc8cbd1c6032ff441af5520de66eb75bce2","0xe4ffd96b5e6d2b6cdb91030c48cc932756c951b5","0"
"0x35848fc8cbd1c6032ff441af5520de66eb75bce2","0xe4ffd96b5e6d2b6cdb91030c48cc932756c951b5","0"
"0xfdaf028f781a6eed9f9a39b2a538a3d7a1974e5f","0xe4ffd96b5e6d2b6cdb91030c48cc932756c951b5","0"
"0x0573b48cd681560818e1c6f5be2dee53f2807bc6","0xe4ffd96b5e6d2b6cdb91030c48cc932756c951b5","0"
"0xd7a98d34cd49dd203cac9752ea400ee309a5f602","0xe4ffd96b5e6d2b6cdb91030c48cc932756c951b5","0"
"0xd7a98d34cd49dd203cac9752ea400ee309a5f602","0xe4ffd96b5e6d2b6cdb91030c48cc932756c951b5","0"
"0xd7a98d34cd49dd203cac9752ea400ee309a5f602","0xe4ffd96b5e6d2b6cdb91030c48cc932756c951b5","0"
"0xca214150c6df8848b2488f33f2c35f2417265798","0xe4ffd96b5e6d2b6cdb91030c48cc932756c951b5","0"
"0x7263198c709a456cfdb9d968c9ec56dfb111e5b2","0xe4ffd96b5e6d2b6cdb91030c48cc932756c951b5","0"
"0xbb0f66f52ccefc7d36c50d7e7c2c208e53c09cc6","0xe4ffd96b5e6d2b6cdb91030c48cc932756c951b5","0"
"0xfde0ebba06528945e4ac1ebf1534ad147f8b4bac","0xe4ffd96b5e6d2b6cdb91030c48cc932756c951b5","0"
"0x7263198c709a456cfdb9d968c9ec56dfb111e5b2","0xe4ffd96b5e6d2b6cdb91030c48cc932756c951b5","0"
"0xa3953352beab67861e5a7fff47f36611a1ff5335","0xe4ffd96b5e6d2b6cdb91030c48cc932756c951b5","0"
"0x14e56cf9e6257475f9b6310adc98865fc24d6504","0xe4ffd96b5e6d2b6cdb91030c48cc932756c951b5","0"
"0x5e1e164ab21828fcee0bddf0641f05e6da842ff7","0xe4ffd96b5e6d2b6cdb91030c48cc932756c951b5","0"
"0xc31db2e710192791b65de43d4b84886a6d770322","0xe4ffd96b5e6d2b6cdb91030c48cc932756c951b5","0"
"0xd7a98d34cd49dd203cac9752ea400ee309a5f602","0xe4ffd96b5e6d2b6cdb91030c48cc932756c951b5","0"
"0x7263198c709a456cfdb9d968c9ec56dfb111e5b2","0xe4ffd96b5e6d2b6cdb91030c48cc932756c951b5","0"
"0x6e93ebc8302890ff1d1befd779d1db131ef30d4d","0xe4ffd96b5e6d2b6cdb91030c48cc932756c951b5","0"
"0x35848fc8cbd1c6032ff441af5520de66eb75bce2","0xe4ffd96b5e6d2b6cdb91030c48cc932756c951b5","0"
"0x9c8fad7b297c634023ea5bface00bf2c2c985ec2","0xe4ffd96b5e6d2b6cdb91030c48cc932756c951b5","0"
"0x8be8247ef3a329b06cf3ce3d5b8ad3ca3ed642c0","0xe4ffd96b5e6d2b6cdb91030c48cc932756c951b5","0"
"0xca214150c6df8848b2488f33f2c35f2417265798","0xe4ffd96b5e6d2b6cdb91030c48cc932756c951b5","0"
"0x14e56cf9e6257475f9b6310adc98865fc24d6504","0xe4ffd96b5e6d2b6cdb91030c48cc932756c951b5","0"
"0xc8eb3d40f00e53e5c45d9fa079e117e9fe7fb153","0xe4ffd96b5e6d2b6cdb91030c48cc932756c951b5","0"
"0xd7a98d34cd49dd203cac9752ea400ee309a5f602","0xe4ffd96b5e6d2b6cdb91030c48cc932756c951b5","0"
"0x15bdd87fe60e212c150d18d205766bda86350152","0xe4ffd96b5e6d2b6cdb91030c48cc932756c951b5","0"
"0x05e15f2b6e3bf8ef76d80f0398eb511c9c76f052","0xe4ffd96b5e6d2b6cdb91030c48cc932756c951b5","0"
"0x60e2a272b6233d4fe08908bfa6ea44518501732a","0xe4ffd96b5e6d2b6cdb91030c48cc932756c951b5","0"
"0xfdaf028f781a6eed9f9a39b2a538a3d7a1974e5f","0xe4ffd96b5e6d2b6cdb91030c48cc932756c951b5","0"
"0x3dfe840869f6a11acc4c8c59a827671320549532","0xe4ffd96b5e6d2b6cdb91030c48cc932756c951b5","0"
"0x5f1961f13427bfc1d3b4d275c36f7717eb4cf0b6","0xe4ffd96b5e6d2b6cdb91030c48cc932756c951b5","0"
"0xafcfc04a489ecaae659a0b227224401ca0464004","0xe4ffd96b5e6d2b6cdb91030c48cc932756c951b5","0"
"0xfeec32efba1f7ae305ec3ea0b694a5f07b39f390","0xe4ffd96b5e6d2b6cdb91030c48cc932756c951b5","0"
"0xafcfc04a489ecaae659a0b227224401ca0464004","0xe4ffd96b5e6d2b6cdb91030c48cc932756c951b5","0"
"0x8be8247ef3a329b06cf3ce3d5b8ad3ca3ed642c0","0xe4ffd96b5e6d2b6cdb91030c48cc932756c951b5","0"
"0xafcfc04a489ecaae659a0b227224401ca0464004","0xe4ffd96b5e6d2b6cdb91030c48cc932756c951b5","0"
"0xde13608e87cdd70c5b10c0de1bdc467f66d846c4","0xe4ffd96b5e6d2b6cdb91030c48cc932756c951b5","0"
"0xd307afd66f957cf2ac369bfe93805d240328be80","0xe4ffd96b5e6d2b6cdb91030c48cc932756c951b5","0"
"0xafcfc04a489ecaae659a0b227224401ca0464004","0xe4ffd96b5e6d2b6cdb91030c48cc932756c951b5","0"
"0xa3953352beab67861e5a7fff47f36611a1ff5335","0xe4ffd96b5e6d2b6cdb91030c48cc932756c951b5","0"
"0x35848fc8cbd1c6032ff441af5520de66eb75bce2","0xe4ffd96b5e6d2b6cdb91030c48cc932756c951b5","0"
"0x5b85988f0032ee818f911ec969dd9c649caa0a14","0xe4ffd96b5e6d2b6cdb91030c48cc932756c951b5","0"
"0x15bdd87fe60e212c150d18d205766bda86350152","0xe4ffd96b5e6d2b6cdb91030c48cc932756c951b5","0"
"0xafcfc04a489ecaae659a0b227224401ca0464004","0xe4ffd96b5e6d2b6cdb91030c48cc932756c951b5","0"
"0xd965952823153e5cbc611be87e8322cfc329f056","0xe4ffd96b5e6d2b6cdb91030c48cc932756c951b5","0"
"0x8be8247ef3a329b06cf3ce3d5b8ad3ca3ed642c0","0xe4ffd96b5e6d2b6cdb91030c48cc932756c951b5","0"
"0x0573b48cd681560818e1c6f5be2dee53f2807bc6","0xe4ffd96b5e6d2b6cdb91030c48cc932756c951b5","0"
"0xafcfc04a489ecaae659a0b227224401ca0464004","0xe4ffd96b5e6d2b6cdb91030c48cc932756c951b5","0"
"0x733428f811d11940ed1168dcc57e21a5660c8f68","0xe4ffd96b5e6d2b6cdb91030c48cc932756c951b5","0"
"0x35848fc8cbd1c6032ff441af5520de66eb75bce2","0xe4ffd96b5e6d2b6cdb91030c48cc932756c951b5","0"
"0x825e538a8cd4d1ccf42f0974f69003f91fe4c9c3","0xe4ffd96b5e6d2b6cdb91030c48cc932756c951b5","0"
"0xa914c3f59abc6deae86e39d2ae538c2ffbe95562","0xe4ffd96b5e6d2b6cdb91030c48cc932756c951b5","0"
"0x6e93ebc8302890ff1d1befd779d1db131ef30d4d","0xe4ffd96b5e6d2b6cdb91030c48cc932756c951b5","0"
"0xa3953352beab67861e5a7fff47f36611a1ff5335","0xe4ffd96b5e6d2b6cdb91030c48cc932756c951b5","0"
"0xdd49f678e116665180863f34debb9c9f2bda2406","0xe4ffd96b5e6d2b6cdb91030c48cc932756c951b5","0"
"0x14e56cf9e6257475f9b6310adc98865fc24d6504","0xe4ffd96b5e6d2b6cdb91030c48cc932756c951b5","0"
"0xafcfc04a489ecaae659a0b227224401ca0464004","0xe4ffd96b5e6d2b6cdb91030c48cc932756c951b5","0"
"0x41bc7d0687e6cea57fa26da78379dfdc5627c56d","0xe4ffd96b5e6d2b6cdb91030c48cc932756c951b5","0"
"0x8be8247ef3a329b06cf3ce3d5b8ad3ca3ed642c0","0xe4ffd96b5e6d2b6cdb91030c48cc932756c951b5","0"
"0x8be8247ef3a329b06cf3ce3d5b8ad3ca3ed642c0","0xe4ffd96b5e6d2b6cdb91030c48cc932756c951b5","0"
"0x6f9bb7e454f5b3eb2310343f0e99269dc2bb8a1d","0xe4ffd96b5e6d2b6cdb91030c48cc932756c951b5","0"
"0x7620fd9b67f62de89334c3ca58212c82260bc666","0xe4ffd96b5e6d2b6cdb91030c48cc932756c951b5","0"
"0x35848fc8cbd1c6032ff441af5520de66eb75bce2","0xe4ffd96b5e6d2b6cdb91030c48cc932756c951b5","0"
"0xafcfc04a489ecaae659a0b227224401ca0464004","0xe4ffd96b5e6d2b6cdb91030c48cc932756c951b5","0"
"0xfb5b840a85d41bf28081a31b186fce24eff5ab5f","0xe4ffd96b5e6d2b6cdb91030c48cc932756c951b5","0"
"0xafcfc04a489ecaae659a0b227224401ca0464004","0xe4ffd96b5e6d2b6cdb91030c48cc932756c951b5","0"
"0xafcfc04a489ecaae659a0b227224401ca0464004","0xe4ffd96b5e6d2b6cdb91030c48cc932756c951b5","0"
"0xde13608e87cdd70c5b10c0de1bdc467f66d846c4","0xe4ffd96b5e6d2b6cdb91030c48cc932756c951b5","0"
"0x8be8247ef3a329b06cf3ce3d5b8ad3ca3ed642c0","0xe4ffd96b5e6d2b6cdb91030c48cc932756c951b5","0"
"0x15bdd87fe60e212c150d18d205766bda86350152","0xe4ffd96b5e6d2b6cdb91030c48cc932756c951b5","0"
"0xeead3e6ac0f1175731a38fbe2726f9dab6c769ae","0xe4ffd96b5e6d2b6cdb91030c48cc932756c951b5","0"
"0xd965952823153e5cbc611be87e8322cfc329f056","0xe4ffd96b5e6d2b6cdb91030c48cc932756c951b5","0"
"0x627ad966fd6ba19f039f60bb98ae9995d1d4f91c","0xe4ffd96b5e6d2b6cdb91030c48cc932756c951b5","0"
"0x9f7610115501abd147d1d82ce92cea2a716690ed","0xe4ffd96b5e6d2b6cdb91030c48cc932756c951b5","0"
"0x75f58030c190bb4288f56100f0ee49b6eeb4a134","0xe4ffd96b5e6d2b6cdb91030c48cc932756c951b5","0"
"0x627ad966fd6ba19f039f60bb98ae9995d1d4f91c","0xe4ffd96b5e6d2b6cdb91030c48cc932756c951b5","0"
"0xd578b651f7e088861229cc7e7178e57a5f674d3e","0xe4ffd96b5e6d2b6cdb91030c48cc932756c951b5","0"
"0x8bc110db7029197c3621bea8092ab1996d5dd7be","0xe4ffd96b5e6d2b6cdb91030c48cc932756c951b5","0"
"0x733428f811d11940ed1168dcc57e21a5660c8f68","0xe4ffd96b5e6d2b6cdb91030c48cc932756c951b5","0"
"0xef398a72ca7e9c352d14aa297c5c59f604c43bdc","0xe4ffd96b5e6d2b6cdb91030c48cc932756c951b5","0"
"0xc8d6f9665d18163c2b5b4f9c4158f56b96c50f87","0xe4ffd96b5e6d2b6cdb91030c48cc932756c951b5","0"
"0xafcfc04a489ecaae659a0b227224401ca0464004","0xe4ffd96b5e6d2b6cdb91030c48cc932756c951b5","0"
"0x5b85988f0032ee818f911ec969dd9c649caa0a14","0xe4ffd96b5e6d2b6cdb91030c48cc932756c951b5","0"
"0xfeec32efba1f7ae305ec3ea0b694a5f07b39f390","0xe4ffd96b5e6d2b6cdb91030c48cc932756c951b5","0"
"0x8bc110db7029197c3621bea8092ab1996d5dd7be","0xe4ffd96b5e6d2b6cdb91030c48cc932756c951b5","0"
"0x5efb378b18682bee1acf36f2d04acc93b81e5ad3","0xe4ffd96b5e6d2b6cdb91030c48cc932756c951b5","0"
"0x8be8247ef3a329b06cf3ce3d5b8ad3ca3ed642c0","0xe4ffd96b5e6d2b6cdb91030c48cc932756c951b5","0"
"0x627ad966fd6ba19f039f60bb98ae9995d1d4f91c","0xe4ffd96b5e6d2b6cdb91030c48cc932756c951b5","0"
"0xbd6f5bdc401ab1ca811e40755f4a2ddad75ce2cc","0xe4ffd96b5e6d2b6cdb91030c48cc932756c951b5","0"
"0xafcfc04a489ecaae659a0b227224401ca0464004","0xe4ffd96b5e6d2b6cdb91030c48cc932756c951b5","0"
"0x8bc110db7029197c3621bea8092ab1996d5dd7be","0xe4ffd96b5e6d2b6cdb91030c48cc932756c951b5","0"
"0x8bc110db7029197c3621bea8092ab1996d5dd7be","0xe4ffd96b5e6d2b6cdb91030c48cc932756c951b5","0"
"0xbd6f5bdc401ab1ca811e40755f4a2ddad75ce2cc","0xe4ffd96b5e6d2b6cdb91030c48cc932756c951b5","0"
"0xfdaf028f781a6eed9f9a39b2a538a3d7a1974e5f","0xe4ffd96b5e6d2b6cdb91030c48cc932756c951b5","0"
"0x8bc110db7029197c3621bea8092ab1996d5dd7be","0xe4ffd96b5e6d2b6cdb91030c48cc932756c951b5","0"
"0x14b25601e369b40f5bcd1de0f9a53174e3c59d34","0xe4ffd96b5e6d2b6cdb91030c48cc932756c951b5","0"
"0xafcfc04a489ecaae659a0b227224401ca0464004","0xe4ffd96b5e6d2b6cdb91030c48cc932756c951b5","0"
"0xbd6f5bdc401ab1ca811e40755f4a2ddad75ce2cc","0xe4ffd96b5e6d2b6cdb91030c48cc932756c951b5","0"
"0x92228ffb485fe39e5479837e0697829504527fdf","0xe4ffd96b5e6d2b6cdb91030c48cc932756c951b5","0"
"0x8bc110db7029197c3621bea8092ab1996d5dd7be","0xe4ffd96b5e6d2b6cdb91030c48cc932756c951b5","0"
"0x75f58030c190bb4288f56100f0ee49b6eeb4a134","0xe4ffd96b5e6d2b6cdb91030c48cc932756c951b5","0"
"0x3dd48ad861f0b77d1312f9c95a13e52871ca95e0","0xe4ffd96b5e6d2b6cdb91030c48cc932756c951b5","0"
"0xc97c2905b706eb7a69094e0d0ed7986b34df9d25","0xe4ffd96b5e6d2b6cdb91030c48cc932756c951b5","0"
"0xc31db2e710192791b65de43d4b84886a6d770322","0xe4ffd96b5e6d2b6cdb91030c48cc932756c951b5","0"
"0x22fa8cc33a42320385cbd3690ed60a021891cb32","0xe4ffd96b5e6d2b6cdb91030c48cc932756c951b5","0"
"0xf180efe50905a9fc66cccc91a8945805ce8d6570","0xe4ffd96b5e6d2b6cdb91030c48cc932756c951b5","0"
"0x627ad966fd6ba19f039f60bb98ae9995d1d4f91c","0xe4ffd96b5e6d2b6cdb91030c48cc932756c951b5","0"
"0x8bc110db7029197c3621bea8092ab1996d5dd7be","0xe4ffd96b5e6d2b6cdb91030c48cc932756c951b5","0"
"0xafcfc04a489ecaae659a0b227224401ca0464004","0xe4ffd96b5e6d2b6cdb91030c48cc932756c951b5","0"
"0xdd49f678e116665180863f34debb9c9f2bda2406","0xe4ffd96b5e6d2b6cdb91030c48cc932756c951b5","0"
"0x316f99537b4bade5eea51073f1b7c38dfbf69a70","0xe4ffd96b5e6d2b6cdb91030c48cc932756c951b5","0"
"0xc8d6f9665d18163c2b5b4f9c4158f56b96c50f87","0xe4ffd96b5e6d2b6cdb91030c48cc932756c951b5","0"
"0x0573b48cd681560818e1c6f5be2dee53f2807bc6","0xe4ffd96b5e6d2b6cdb91030c48cc932756c951b5","0"
"0x8bc110db7029197c3621bea8092ab1996d5dd7be","0xe4ffd96b5e6d2b6cdb91030c48cc932756c951b5","0"
"0x5efb378b18682bee1acf36f2d04acc93b81e5ad3","0xe4ffd96b5e6d2b6cdb91030c48cc932756c951b5","0"
"0xafcfc04a489ecaae659a0b227224401ca0464004","0xe4ffd96b5e6d2b6cdb91030c48cc932756c951b5","0"
"0xc97c2905b706eb7a69094e0d0ed7986b34df9d25","0xe4ffd96b5e6d2b6cdb91030c48cc932756c951b5","0"
"0xc97c2905b706eb7a69094e0d0ed7986b34df9d25","0xe4ffd96b5e6d2b6cdb91030c48cc932756c951b5","0"
"0x627ad966fd6ba19f039f60bb98ae9995d1d4f91c","0xe4ffd96b5e6d2b6cdb91030c48cc932756c951b5","0"
"0xd81a19b8b3be4912018b32ad634c0ca873f45189","0xe4ffd96b5e6d2b6cdb91030c48cc932756c951b5","0"
"0xc250faac530589cce5a5c22e5f0961fa212542c1","0xe4ffd96b5e6d2b6cdb91030c48cc932756c951b5","0"
"0x8bc110db7029197c3621bea8092ab1996d5dd7be","0xe4ffd96b5e6d2b6cdb91030c48cc932756c951b5","0"
"0xa53a13a80d72a855481de5211e7654fabdfe3526","0xe4ffd96b5e6d2b6cdb91030c48cc932756c951b5","0"
"0x733428f811d11940ed1168dcc57e21a5660c8f68","0xe4ffd96b5e6d2b6cdb91030c48cc932756c951b5","0"
"0x3146a07a380451b71a02979eb7ef723f9a27cffa","0xe4ffd96b5e6d2b6cdb91030c48cc932756c951b5","0"
"0x72eb41ae7f943445da9932662d31a06d56a3cfaa","0xe4ffd96b5e6d2b6cdb91030c48cc932756c951b5","0"
"0xa53a13a80d72a855481de5211e7654fabdfe3526","0xe4ffd96b5e6d2b6cdb91030c48cc932756c951b5","0"
"0x8bc110db7029197c3621bea8092ab1996d5dd7be","0xe4ffd96b5e6d2b6cdb91030c48cc932756c951b5","0"
"0x6a6f83f08dc460f1b73677e9cd31e7e0eb62afaa","0xe4ffd96b5e6d2b6cdb91030c48cc932756c951b5","0"
"0x847eaa8e0a808305b00305da61b875dd2ca3fbac","0xe4ffd96b5e6d2b6cdb91030c48cc932756c951b5","0"
"0x627ad966fd6ba19f039f60bb98ae9995d1d4f91c","0xe4ffd96b5e6d2b6cdb91030c48cc932756c951b5","0"
"0xafcfc04a489ecaae659a0b227224401ca0464004","0xe4ffd96b5e6d2b6cdb91030c48cc932756c951b5","0"
"0x316f99537b4bade5eea51073f1b7c38dfbf69a70","0xe4ffd96b5e6d2b6cdb91030c48cc932756c951b5","0"
"0x627ad966fd6ba19f039f60bb98ae9995d1d4f91c","0xe4ffd96b5e6d2b6cdb91030c48cc932756c951b5","0"
"0xa35dea1466b6cf14a1ac1a1203578908399e560f","0xe4ffd96b5e6d2b6cdb91030c48cc932756c951b5","0"
"0x8878d2a969cd617cee9e0549d7ebaf5288464546","0xe4ffd96b5e6d2b6cdb91030c48cc932756c951b5","0"
"0xc97c2905b706eb7a69094e0d0ed7986b34df9d25","0xe4ffd96b5e6d2b6cdb91030c48cc932756c951b5","0"
"0x8bc110db7029197c3621bea8092ab1996d5dd7be","0xe4ffd96b5e6d2b6cdb91030c48cc932756c951b5","0"
"0x41bc7d0687e6cea57fa26da78379dfdc5627c56d","0xe4ffd96b5e6d2b6cdb91030c48cc932756c951b5","0"
"0x14e56cf9e6257475f9b6310adc98865fc24d6504","0xe4ffd96b5e6d2b6cdb91030c48cc932756c951b5","0"
"0xeead3e6ac0f1175731a38fbe2726f9dab6c769ae","0xe4ffd96b5e6d2b6cdb91030c48cc932756c951b5","0"
"0x627ad966fd6ba19f039f60bb98ae9995d1d4f91c","0xe4ffd96b5e6d2b6cdb91030c48cc932756c951b5","0"
"0xafcfc04a489ecaae659a0b227224401ca0464004","0xe4ffd96b5e6d2b6cdb91030c48cc932756c951b5","0"
"0x8bc110db7029197c3621bea8092ab1996d5dd7be","0xe4ffd96b5e6d2b6cdb91030c48cc932756c951b5","0"
"0x93f5af632ce523286e033f0510e9b3c9710f4489","0xe4ffd96b5e6d2b6cdb91030c48cc932756c951b5","0"
"0xa0f75491720835b36edc92d06ddc468d201e9b73","0xe4ffd96b5e6d2b6cdb91030c48cc932756c951b5","0"
"0xe1de283eab72a68f7ff972fca13f8953c6e15e51","0xe4ffd96b5e6d2b6cdb91030c48cc932756c951b5","0"
"0x9f7610115501abd147d1d82ce92cea2a716690ed","0xe4ffd96b5e6d2b6cdb91030c48cc932756c951b5","0"
"0x8bc110db7029197c3621bea8092ab1996d5dd7be","0xe4ffd96b5e6d2b6cdb91030c48cc932756c951b5","0"
"0xa0f75491720835b36edc92d06ddc468d201e9b73","0xe4ffd96b5e6d2b6cdb91030c48cc932756c951b5","0"
"0xafcfc04a489ecaae659a0b227224401ca0464004","0xe4ffd96b5e6d2b6cdb91030c48cc932756c951b5","0"
"0x15bdd87fe60e212c150d18d205766bda86350152","0xe4ffd96b5e6d2b6cdb91030c48cc932756c951b5","0"
"0xc97c2905b706eb7a69094e0d0ed7986b34df9d25","0xe4ffd96b5e6d2b6cdb91030c48cc932756c951b5","0"
"0xa4ec0b861da15e2ad3496fbd8dbe2bb8d569b760","0xe4ffd96b5e6d2b6cdb91030c48cc932756c951b5","0"
"0x1be178db4f24bce596055a02fd27b6119c7b1918","0xe4ffd96b5e6d2b6cdb91030c48cc932756c951b5","0"
"0x8bc110db7029197c3621bea8092ab1996d5dd7be","0xe4ffd96b5e6d2b6cdb91030c48cc932756c951b5","0"
"0x3dca07e16b2becd3eb76a9f9ce240b525451f887","0xe4ffd96b5e6d2b6cdb91030c48cc932756c951b5","0"
"0x1be178db4f24bce596055a02fd27b6119c7b1918","0xe4ffd96b5e6d2b6cdb91030c48cc932756c951b5","0"
"0x3dca07e16b2becd3eb76a9f9ce240b525451f887","0xe4ffd96b5e6d2b6cdb91030c48cc932756c951b5","0"
"0x316f99537b4bade5eea51073f1b7c38dfbf69a70","0xe4ffd96b5e6d2b6cdb91030c48cc932756c951b5","0"
"0xa0f75491720835b36edc92d06ddc468d201e9b73","0xe4ffd96b5e6d2b6cdb91030c48cc932756c951b5","0"
"0xafcfc04a489ecaae659a0b227224401ca0464004","0xe4ffd96b5e6d2b6cdb91030c48cc932756c951b5","0"
"0x3dca07e16b2becd3eb76a9f9ce240b525451f887","0xe4ffd96b5e6d2b6cdb91030c48cc932756c951b5","0"
"0x1be178db4f24bce596055a02fd27b6119c7b1918","0xe4ffd96b5e6d2b6cdb91030c48cc932756c951b5","0"
"0x22fa8cc33a42320385cbd3690ed60a021891cb32","0xe4ffd96b5e6d2b6cdb91030c48cc932756c951b5","0"
"0xa0f75491720835b36edc92d06ddc468d201e9b73","0xe4ffd96b5e6d2b6cdb91030c48cc932756c951b5","0"
"0x93f5af632ce523286e033f0510e9b3c9710f4489","0xe4ffd96b5e6d2b6cdb91030c48cc932756c951b5","0"
"0x1be178db4f24bce596055a02fd27b6119c7b1918","0xe4ffd96b5e6d2b6cdb91030c48cc932756c951b5","0"
"0xa0f75491720835b36edc92d06ddc468d201e9b73","0xe4ffd96b5e6d2b6cdb91030c48cc932756c951b5","0"
"0xa0f75491720835b36edc92d06ddc468d201e9b73","0xe4ffd96b5e6d2b6cdb91030c48cc932756c951b5","0"
"0x6f9bb7e454f5b3eb2310343f0e99269dc2bb8a1d","0xe4ffd96b5e6d2b6cdb91030c48cc932756c951b5","0"
"0x44d72b5a773332935046c62a34a9f1dc072d9cb7","0xe4ffd96b5e6d2b6cdb91030c48cc932756c951b5","0"
"0x63a3bf655377e20f316261b83737b7aa68ed50b0","0xe4ffd96b5e6d2b6cdb91030c48cc932756c951b5","0"
"0x8bc110db7029197c3621bea8092ab1996d5dd7be","0xe4ffd96b5e6d2b6cdb91030c48cc932756c951b5","0"
"0x3dca07e16b2becd3eb76a9f9ce240b525451f887","0xe4ffd96b5e6d2b6cdb91030c48cc932756c951b5","0"
"0x44d72b5a773332935046c62a34a9f1dc072d9cb7","0xe4ffd96b5e6d2b6cdb91030c48cc932756c951b5","0"
"0x8003030f5506af9f97f26eac00c0df24c09d9592","0xe4ffd96b5e6d2b6cdb91030c48cc932756c951b5","0"
"0x5029ddc9cb481fd57c020175e1d2448666807192","0xe4ffd96b5e6d2b6cdb91030c48cc932756c951b5","0"
"0xd965952823153e5cbc611be87e8322cfc329f056","0xe4ffd96b5e6d2b6cdb91030c48cc932756c951b5","0"
"0x92228ffb485fe39e5479837e0697829504527fdf","0xe4ffd96b5e6d2b6cdb91030c48cc932756c951b5","0"
"0x3dca07e16b2becd3eb76a9f9ce240b525451f887","0xe4ffd96b5e6d2b6cdb91030c48cc932756c951b5","0"
"0x6f9bb7e454f5b3eb2310343f0e99269dc2bb8a1d","0xe4ffd96b5e6d2b6cdb91030c48cc932756c951b5","0"
"0x0000000484f2217f1a64eb6d24b5cee446faeae5","0xe4ffd96b5e6d2b6cdb91030c48cc932756c951b5","0"
"0x6f9bb7e454f5b3eb2310343f0e99269dc2bb8a1d","0xe4ffd96b5e6d2b6cdb91030c48cc932756c951b5","0"
"0x058b10cbe1872ad139b00326686ee8ccef274c58","0xe4ffd96b5e6d2b6cdb91030c48cc932756c951b5","0"
"0x75f58030c190bb4288f56100f0ee49b6eeb4a134","0xe4ffd96b5e6d2b6cdb91030c48cc932756c951b5","0"
"0x108a8b7200d044bbbe95bef6f671baec5473e05f","0xe4ffd96b5e6d2b6cdb91030c48cc932756c951b5","0"
"0xc97c2905b706eb7a69094e0d0ed7986b34df9d25","0xe4ffd96b5e6d2b6cdb91030c48cc932756c951b5","0"
"0x3dca07e16b2becd3eb76a9f9ce240b525451f887","0xe4ffd96b5e6d2b6cdb91030c48cc932756c951b5","0"
"0x316f99537b4bade5eea51073f1b7c38dfbf69a70","0xe4ffd96b5e6d2b6cdb91030c48cc932756c951b5","0"
"0xf85f5637b21dfa62293a77c956e17d299199baa4","0xe4ffd96b5e6d2b6cdb91030c48cc932756c951b5","0"
"0x50b1b62220390b63cdc539ded301fde9ea85ab71","0xe4ffd96b5e6d2b6cdb91030c48cc932756c951b5","0"
"0xe1de283eab72a68f7ff972fca13f8953c6e15e51","0xe4ffd96b5e6d2b6cdb91030c48cc932756c951b5","0"
"0x0000000484f2217f1a64eb6d24b5cee446faeae5","0xe4ffd96b5e6d2b6cdb91030c48cc932756c951b5","0"
"0x63a3bf655377e20f316261b83737b7aa68ed50b0","0xe4ffd96b5e6d2b6cdb91030c48cc932756c951b5","0"
"0x0000000484f2217f1a64eb6d24b5cee446faeae5","0xe4ffd96b5e6d2b6cdb91030c48cc932756c951b5","0"
"0xf85f5637b21dfa62293a77c956e17d299199baa4","0xe4ffd96b5e6d2b6cdb91030c48cc932756c951b5","0"
"0x1be178db4f24bce596055a02fd27b6119c7b1918","0xe4ffd96b5e6d2b6cdb91030c48cc932756c951b5","0"
"0x6e93ebc8302890ff1d1befd779d1db131ef30d4d","0xe4ffd96b5e6d2b6cdb91030c48cc932756c951b5","0"
"0x6ec40ae0b3da2954c28924fce4f59a9594da782c","0xe4ffd96b5e6d2b6cdb91030c48cc932756c951b5","0"
"0x108a8b7200d044bbbe95bef6f671baec5473e05f","0xe4ffd96b5e6d2b6cdb91030c48cc932756c951b5","0"
"0x50b1b62220390b63cdc539ded301fde9ea85ab71","0xe4ffd96b5e6d2b6cdb91030c48cc932756c951b5","0"
"0x3dca07e16b2becd3eb76a9f9ce240b525451f887","0xe4ffd96b5e6d2b6cdb91030c48cc932756c951b5","0"
"0x0000000484f2217f1a64eb6d24b5cee446faeae5","0xe4ffd96b5e6d2b6cdb91030c48cc932756c951b5","0"
"0xa04f4b887a03b211507c7648bed452bc78189ccd","0xe4ffd96b5e6d2b6cdb91030c48cc932756c951b5","0"
"0x7a88f9a79dcb96fb441a73a41f6536bf964bb555","0xe4ffd96b5e6d2b6cdb91030c48cc932756c951b5","0"
"0x1be178db4f24bce596055a02fd27b6119c7b1918","0xe4ffd96b5e6d2b6cdb91030c48cc932756c951b5","0"
"0x058b10cbe1872ad139b00326686ee8ccef274c58","0xe4ffd96b5e6d2b6cdb91030c48cc932756c951b5","0"
"0xb2b4bb2566e59bdebf50e56808336b2fae74d025","0xe4ffd96b5e6d2b6cdb91030c48cc932756c951b5","0"
"0x50b1b62220390b63cdc539ded301fde9ea85ab71","0xe4ffd96b5e6d2b6cdb91030c48cc932756c951b5","0"
"0x82d751c236cb6c682a54196ef6fc01021a101a1b","0xe4ffd96b5e6d2b6cdb91030c48cc932756c951b5","0"
"0x62c739355acb578caaf7481ab6e35f2895ecc5e7","0xe4ffd96b5e6d2b6cdb91030c48cc932756c951b5","0"
"0xe1de283eab72a68f7ff972fca13f8953c6e15e51","0xe4ffd96b5e6d2b6cdb91030c48cc932756c951b5","0"
"0x82d751c236cb6c682a54196ef6fc01021a101a1b","0xe4ffd96b5e6d2b6cdb91030c48cc932756c951b5","0"
"0xa04f4b887a03b211507c7648bed452bc78189ccd","0xe4ffd96b5e6d2b6cdb91030c48cc932756c951b5","0"
"0x248535910a53b798ed5961396a1b007275728319","0xe4ffd96b5e6d2b6cdb91030c48cc932756c951b5","0"
"0x7a88f9a79dcb96fb441a73a41f6536bf964bb555","0xe4ffd96b5e6d2b6cdb91030c48cc932756c951b5","0"
"0x55d04dfdb1f946b7f0771d262a14abcc0bc1ca9b","0xe4ffd96b5e6d2b6cdb91030c48cc932756c951b5","0"
"0x55d04dfdb1f946b7f0771d262a14abcc0bc1ca9b","0xe4ffd96b5e6d2b6cdb91030c48cc932756c951b5","0"
"0xcefcca169357a18eb8c3f230f92b58562e48cae5","0xe4ffd96b5e6d2b6cdb91030c48cc932756c951b5","0"
"0x316f99537b4bade5eea51073f1b7c38dfbf69a70","0xe4ffd96b5e6d2b6cdb91030c48cc932756c951b5","0"
"0x6f9bb7e454f5b3eb2310343f0e99269dc2bb8a1d","0xe4ffd96b5e6d2b6cdb91030c48cc932756c951b5","0"
"0xc250faac530589cce5a5c22e5f0961fa212542c1","0xe4ffd96b5e6d2b6cdb91030c48cc932756c951b5","0"
"0x6ec40ae0b3da2954c28924fce4f59a9594da782c","0xe4ffd96b5e6d2b6cdb91030c48cc932756c951b5","0"
"0x6ec40ae0b3da2954c28924fce4f59a9594da782c","0xe4ffd96b5e6d2b6cdb91030c48cc932756c951b5","0"
"0x058b10cbe1872ad139b00326686ee8ccef274c58","0xe4ffd96b5e6d2b6cdb91030c48cc932756c951b5","0"
"0x007c5bda0c06064984a164794e6c946cd7dd7157","0xe4ffd96b5e6d2b6cdb91030c48cc932756c951b5","0"
"0xa0f75491720835b36edc92d06ddc468d201e9b73","0xe4ffd96b5e6d2b6cdb91030c48cc932756c951b5","0"
"0x221dba3c5ac8abeff8a20d660c7cdb328ebdd7a3","0xe4ffd96b5e6d2b6cdb91030c48cc932756c951b5","0"
"0xd578b651f7e088861229cc7e7178e57a5f674d3e","0xe4ffd96b5e6d2b6cdb91030c48cc932756c951b5","0"
"0xcefcca169357a18eb8c3f230f92b58562e48cae5","0xe4ffd96b5e6d2b6cdb91030c48cc932756c951b5","0"
"0xbbee065885558fba6a5c0cd8f7b827f631137900","0xe4ffd96b5e6d2b6cdb91030c48cc932756c951b5","0"
"0x50b1b62220390b63cdc539ded301fde9ea85ab71","0xe4ffd96b5e6d2b6cdb91030c48cc932756c951b5","0"
"0x7a88f9a79dcb96fb441a73a41f6536bf964bb555","0xe4ffd96b5e6d2b6cdb91030c48cc932756c951b5","0"
"0x058b10cbe1872ad139b00326686ee8ccef274c58","0xe4ffd96b5e6d2b6cdb91030c48cc932756c951b5","0"
"0x7a88f9a79dcb96fb441a73a41f6536bf964bb555","0xe4ffd96b5e6d2b6cdb91030c48cc932756c951b5","0"
"0x316f99537b4bade5eea51073f1b7c38dfbf69a70","0xe4ffd96b5e6d2b6cdb91030c48cc932756c951b5","0"
"0x3dca07e16b2becd3eb76a9f9ce240b525451f887","0xe4ffd96b5e6d2b6cdb91030c48cc932756c951b5","0"
"0x7a88f9a79dcb96fb441a73a41f6536bf964bb555","0xe4ffd96b5e6d2b6cdb91030c48cc932756c951b5","0"
"0xd6b806f51d41947b6c8465363de90941a81fd8bd","0xe4ffd96b5e6d2b6cdb91030c48cc932756c951b5","0"
"0xd6b806f51d41947b6c8465363de90941a81fd8bd","0xe4ffd96b5e6d2b6cdb91030c48cc932756c951b5","0"
"0x108a8b7200d044bbbe95bef6f671baec5473e05f","0xe4ffd96b5e6d2b6cdb91030c48cc932756c951b5","0"
"0x108a8b7200d044bbbe95bef6f671baec5473e05f","0xe4ffd96b5e6d2b6cdb91030c48cc932756c951b5","0"
"0xf85f5637b21dfa62293a77c956e17d299199baa4","0xe4ffd96b5e6d2b6cdb91030c48cc932756c951b5","0"
"0x108a8b7200d044bbbe95bef6f671baec5473e05f","0xe4ffd96b5e6d2b6cdb91030c48cc932756c951b5","0"
"0x108a8b7200d044bbbe95bef6f671baec5473e05f","0xe4ffd96b5e6d2b6cdb91030c48cc932756c951b5","0"
"0xa4ec0b861da15e2ad3496fbd8dbe2bb8d569b760","0xe4ffd96b5e6d2b6cdb91030c48cc932756c951b5","0"
"0x5d47aa241f7c88b1b9b96f824c206de026b8b03f","0xe4ffd96b5e6d2b6cdb91030c48cc932756c951b5","0"
"0x82eab62c00161baca05c6bd20c9292d7f1752ce2","0xe4ffd96b5e6d2b6cdb91030c48cc932756c951b5","0"
"0x82d751c236cb6c682a54196ef6fc01021a101a1b","0xe4ffd96b5e6d2b6cdb91030c48cc932756c951b5","0"
"0xb270dd05f41a7fd0ffcb3dc26f3f982998a7cfd1","0xe4ffd96b5e6d2b6cdb91030c48cc932756c951b5","0"
"0x058b10cbe1872ad139b00326686ee8ccef274c58","0xe4ffd96b5e6d2b6cdb91030c48cc932756c951b5","0"
"0x108a8b7200d044bbbe95bef6f671baec5473e05f","0xe4ffd96b5e6d2b6cdb91030c48cc932756c951b5","0"
"0x627ad966fd6ba19f039f60bb98ae9995d1d4f91c","0xe4ffd96b5e6d2b6cdb91030c48cc932756c951b5","0"
"0x3dca07e16b2becd3eb76a9f9ce240b525451f887","0xe4ffd96b5e6d2b6cdb91030c48cc932756c951b5","0"
"0xa66af16184134b48cbf2eb2918ed802ad7d244aa","0xe4ffd96b5e6d2b6cdb91030c48cc932756c951b5","0"
"0x316f99537b4bade5eea51073f1b7c38dfbf69a70","0xe4ffd96b5e6d2b6cdb91030c48cc932756c951b5","0"
"0x35848fc8cbd1c6032ff441af5520de66eb75bce2","0xe4ffd96b5e6d2b6cdb91030c48cc932756c951b5","0"
"0x1f4bdadc7c0643b109756a3887e49629ddd14674","0xe4ffd96b5e6d2b6cdb91030c48cc932756c951b5","0"
"0x50b1b62220390b63cdc539ded301fde9ea85ab71","0xe4ffd96b5e6d2b6cdb91030c48cc932756c951b5","0"
"0x03b9129679cf84e608c072677003a1e65089433c","0xe4ffd96b5e6d2b6cdb91030c48cc932756c951b5","0"
"0x108a8b7200d044bbbe95bef6f671baec5473e05f","0xe4ffd96b5e6d2b6cdb91030c48cc932756c951b5","0"
"0x316f99537b4bade5eea51073f1b7c38dfbf69a70","0xe4ffd96b5e6d2b6cdb91030c48cc932756c951b5","0"
"0x62c739355acb578caaf7481ab6e35f2895ecc5e7","0xe4ffd96b5e6d2b6cdb91030c48cc932756c951b5","0"
"0x26d13c17659e1305344ee31635b5a2b72e94d82e","0xe4ffd96b5e6d2b6cdb91030c48cc932756c951b5","0"
"0x2a4fdb745cf777529af09733b7b00926635f85db","0xe4ffd96b5e6d2b6cdb91030c48cc932756c951b5","0"
"0x26d13c17659e1305344ee31635b5a2b72e94d82e","0xe4ffd96b5e6d2b6cdb91030c48cc932756c951b5","0"
"0x1be178db4f24bce596055a02fd27b6119c7b1918","0xe4ffd96b5e6d2b6cdb91030c48cc932756c951b5","0"
"0x9f7610115501abd147d1d82ce92cea2a716690ed","0xe4ffd96b5e6d2b6cdb91030c48cc932756c951b5","0"
"0xd6b806f51d41947b6c8465363de90941a81fd8bd","0xe4ffd96b5e6d2b6cdb91030c48cc932756c951b5","0"
"0x316f99537b4bade5eea51073f1b7c38dfbf69a70","0xe4ffd96b5e6d2b6cdb91030c48cc932756c951b5","0"
"0x108a8b7200d044bbbe95bef6f671baec5473e05f","0xe4ffd96b5e6d2b6cdb91030c48cc932756c951b5","0"
"0xef398a72ca7e9c352d14aa297c5c59f604c43bdc","0xe4ffd96b5e6d2b6cdb91030c48cc932756c951b5","0"
"0xf85f5637b21dfa62293a77c956e17d299199baa4","0xe4ffd96b5e6d2b6cdb91030c48cc932756c951b5","0"
"0x316f99537b4bade5eea51073f1b7c38dfbf69a70","0xe4ffd96b5e6d2b6cdb91030c48cc932756c951b5","0"
"0x9b588802951e250a4611e2e324f11f1a0cbf7892","0xe4ffd96b5e6d2b6cdb91030c48cc932756c951b5","0"
"0x50b1b62220390b63cdc539ded301fde9ea85ab71","0xe4ffd96b5e6d2b6cdb91030c48cc932756c951b5","0"
"0xef398a72ca7e9c352d14aa297c5c59f604c43bdc","0xe4ffd96b5e6d2b6cdb91030c48cc932756c951b5","0"
"0x5a8c9e714082f1af7eb9d12600fbcfb91dfe2258","0xe4ffd96b5e6d2b6cdb91030c48cc932756c951b5","0"
"0x108a8b7200d044bbbe95bef6f671baec5473e05f","0xe4ffd96b5e6d2b6cdb91030c48cc932756c951b5","0"
"0x316f99537b4bade5eea51073f1b7c38dfbf69a70","0xe4ffd96b5e6d2b6cdb91030c48cc932756c951b5","0"
"0x058b10cbe1872ad139b00326686ee8ccef274c58","0xe4ffd96b5e6d2b6cdb91030c48cc932756c951b5","0"
"0xc8d6f9665d18163c2b5b4f9c4158f56b96c50f87","0xe4ffd96b5e6d2b6cdb91030c48cc932756c951b5","0"
"0xbd6f5bdc401ab1ca811e40755f4a2ddad75ce2cc","0xe4ffd96b5e6d2b6cdb91030c48cc932756c951b5","0"
"0x007c5bda0c06064984a164794e6c946cd7dd7157","0xe4ffd96b5e6d2b6cdb91030c48cc932756c951b5","0"
"0x91cb8d5a2b0591a2b70dbbf053f4b0029bc9327d","0xe4ffd96b5e6d2b6cdb91030c48cc932756c951b5","0"
"0x6f9bb7e454f5b3eb2310343f0e99269dc2bb8a1d","0xe4ffd96b5e6d2b6cdb91030c48cc932756c951b5","0"
"0x8ad022c6c7e40cecda7573607e4a1a98b611b7ef","0xe4ffd96b5e6d2b6cdb91030c48cc932756c951b5","0"
"0xd578b651f7e088861229cc7e7178e57a5f674d3e","0xe4ffd96b5e6d2b6cdb91030c48cc932756c951b5","0"
"0x15bdd87fe60e212c150d18d205766bda86350152","0xe4ffd96b5e6d2b6cdb91030c48cc932756c951b5","0"
"0x108a8b7200d044bbbe95bef6f671baec5473e05f","0xe4ffd96b5e6d2b6cdb91030c48cc932756c951b5","0"
"0x6ec40ae0b3da2954c28924fce4f59a9594da782c","0xe4ffd96b5e6d2b6cdb91030c48cc932756c951b5","0"
"0x50b1b62220390b63cdc539ded301fde9ea85ab71","0xe4ffd96b5e6d2b6cdb91030c48cc932756c951b5","0"
"0xa53a13a80d72a855481de5211e7654fabdfe3526","0xe4ffd96b5e6d2b6cdb91030c48cc932756c951b5","0"
"0x316f99537b4bade5eea51073f1b7c38dfbf69a70","0xe4ffd96b5e6d2b6cdb91030c48cc932756c951b5","0"
"0x2a4fdb745cf777529af09733b7b00926635f85db","0xe4ffd96b5e6d2b6cdb91030c48cc932756c951b5","0"
"0x44d72b5a773332935046c62a34a9f1dc072d9cb7","0xe4ffd96b5e6d2b6cdb91030c48cc932756c951b5","0"
"0x14e56cf9e6257475f9b6310adc98865fc24d6504","0xe4ffd96b5e6d2b6cdb91030c48cc932756c951b5","0"
"0xafcfc04a489ecaae659a0b227224401ca0464004","0xe4ffd96b5e6d2b6cdb91030c48cc932756c951b5","0"
"0x41bc7d0687e6cea57fa26da78379dfdc5627c56d","0xe4ffd96b5e6d2b6cdb91030c48cc932756c951b5","0"
"0x4cddff23d036e15fe786508ffa39b27f73b4a01a","0xe4ffd96b5e6d2b6cdb91030c48cc932756c951b5","0"
"0x8474c43970481015019819936793ddc210a0050e","0xe4ffd96b5e6d2b6cdb91030c48cc932756c951b5","0"
"0x108a8b7200d044bbbe95bef6f671baec5473e05f","0xe4ffd96b5e6d2b6cdb91030c48cc932756c951b5","0"
"0x316f99537b4bade5eea51073f1b7c38dfbf69a70","0xe4ffd96b5e6d2b6cdb91030c48cc932756c951b5","0"
"0xa04f4b887a03b211507c7648bed452bc78189ccd","0xe4ffd96b5e6d2b6cdb91030c48cc932756c951b5","0"
"0xe44799ef334df157e0f8e2855e5ebebdbc02b299","0xe4ffd96b5e6d2b6cdb91030c48cc932756c951b5","0"
"0x4cddff23d036e15fe786508ffa39b27f73b4a01a","0xe4ffd96b5e6d2b6cdb91030c48cc932756c951b5","0"
"0x44d72b5a773332935046c62a34a9f1dc072d9cb7","0xe4ffd96b5e6d2b6cdb91030c48cc932756c951b5","0"
"0x91196e5333438dafa6d5a1f3db7c4552c39e52b0","0xe4ffd96b5e6d2b6cdb91030c48cc932756c951b5","0"
"0x68f593572402632c724bc2d2fca05e91541269f3","0xe4ffd96b5e6d2b6cdb91030c48cc932756c951b5","0"
"0x8878d2a969cd617cee9e0549d7ebaf5288464546","0xe4ffd96b5e6d2b6cdb91030c48cc932756c951b5","0"
"0x39fcfa14df3992f057fcc22df714bd24c844dc2d","0xe4ffd96b5e6d2b6cdb91030c48cc932756c951b5","0"
"0x50b1b62220390b63cdc539ded301fde9ea85ab71","0xe4ffd96b5e6d2b6cdb91030c48cc932756c951b5","0"
"0x058b10cbe1872ad139b00326686ee8ccef274c58","0xe4ffd96b5e6d2b6cdb91030c48cc932756c951b5","0"
"0x964e2d8eceda7b7bc56606cf19fdd37ce1b1da0b","0xe4ffd96b5e6d2b6cdb91030c48cc932756c951b5","0"
"0x316f99537b4bade5eea51073f1b7c38dfbf69a70","0xe4ffd96b5e6d2b6cdb91030c48cc932756c951b5","0"
"0x108a8b7200d044bbbe95bef6f671baec5473e05f","0xe4ffd96b5e6d2b6cdb91030c48cc932756c951b5","0"
"0x375a76eb73a6af2564c2e0878a04ec297bc4e83e","0xe4ffd96b5e6d2b6cdb91030c48cc932756c951b5","0"
"0x5f0fd738109dc22cc8290aff8acd2af22b0b9c4a","0xe4ffd96b5e6d2b6cdb91030c48cc932756c951b5","0"
"0x55d04dfdb1f946b7f0771d262a14abcc0bc1ca9b","0xe4ffd96b5e6d2b6cdb91030c48cc932756c951b5","0"
"0x55d04dfdb1f946b7f0771d262a14abcc0bc1ca9b","0xe4ffd96b5e6d2b6cdb91030c48cc932756c951b5","0"
"0x55d04dfdb1f946b7f0771d262a14abcc0bc1ca9b","0xe4ffd96b5e6d2b6cdb91030c48cc932756c951b5","0"
"0x8474c43970481015019819936793ddc210a0050e","0xe4ffd96b5e6d2b6cdb91030c48cc932756c951b5","0"
"0x1be178db4f24bce596055a02fd27b6119c7b1918","0xe4ffd96b5e6d2b6cdb91030c48cc932756c951b5","0"
"0x0573b48cd681560818e1c6f5be2dee53f2807bc6","0xe4ffd96b5e6d2b6cdb91030c48cc932756c951b5","0"
"0x6ec40ae0b3da2954c28924fce4f59a9594da782c","0xe4ffd96b5e6d2b6cdb91030c48cc932756c951b5","0"
"0x316f99537b4bade5eea51073f1b7c38dfbf69a70","0xe4ffd96b5e6d2b6cdb91030c48cc932756c951b5","0"
"0xf78a149be085ff02bc5de35578d52055a47a619e","0xe4ffd96b5e6d2b6cdb91030c48cc932756c951b5","0"
"0x50b1b62220390b63cdc539ded301fde9ea85ab71","0xe4ffd96b5e6d2b6cdb91030c48cc932756c951b5","0"
"0x0573b48cd681560818e1c6f5be2dee53f2807bc6","0xe4ffd96b5e6d2b6cdb91030c48cc932756c951b5","0"
"0x627ad966fd6ba19f039f60bb98ae9995d1d4f91c","0xe4ffd96b5e6d2b6cdb91030c48cc932756c951b5","0"
"0x627ad966fd6ba19f039f60bb98ae9995d1d4f91c","0xe4ffd96b5e6d2b6cdb91030c48cc932756c951b5","0"
"0xfd26f25d6588b752a90e600aff038a654d64a42c","0xe4ffd96b5e6d2b6cdb91030c48cc932756c951b5","0"
"0xd81a19b8b3be4912018b32ad634c0ca873f45189","0xe4ffd96b5e6d2b6cdb91030c48cc932756c951b5","0"
"0x346aa32ffcba1064983b24ce0bc7b4af2e4e9859","0xe4ffd96b5e6d2b6cdb91030c48cc932756c951b5","0"
"0x84740f97aea62c5dc36756dfd9f749412534220e","0xe4ffd96b5e6d2b6cdb91030c48cc932756c951b5","0"
"0x91cb8d5a2b0591a2b70dbbf053f4b0029bc9327d","0xe4ffd96b5e6d2b6cdb91030c48cc932756c951b5","0"
"0xc8b53a46cfef965c13919797c7aef78ff8146d1b","0xe4ffd96b5e6d2b6cdb91030c48cc932756c951b5","0"
"0x670e9bf3aa6a024249d0bac4a608eba05c21fbd4","0xe4ffd96b5e6d2b6cdb91030c48cc932756c951b5","0"
"0xc8b53a46cfef965c13919797c7aef78ff8146d1b","0xe4ffd96b5e6d2b6cdb91030c48cc932756c951b5","0"
"0x5e1e164ab21828fcee0bddf0641f05e6da842ff7","0xe4ffd96b5e6d2b6cdb91030c48cc932756c951b5","0"
"0xc8b53a46cfef965c13919797c7aef78ff8146d1b","0xe4ffd96b5e6d2b6cdb91030c48cc932756c951b5","0"
"0x847eaa8e0a808305b00305da61b875dd2ca3fbac","0xe4ffd96b5e6d2b6cdb91030c48cc932756c951b5","0"
"0x2bfe66759f0331066f3e7d57b3dc9a96bfc17927","0xe4ffd96b5e6d2b6cdb91030c48cc932756c951b5","0"
"0x697e69c7fcd8e7da793b28ba80b7ec1b6800647e","0xe4ffd96b5e6d2b6cdb91030c48cc932756c951b5","0"
"0xdbd440aa02f05ee4a9730d22474c4027446a8216","0xe4ffd96b5e6d2b6cdb91030c48cc932756c951b5","0"
"0x86ecc08f37cc348377e83e5e87642c3d99e58f58","0xe4ffd96b5e6d2b6cdb91030c48cc932756c951b5","0"
"0x697e69c7fcd8e7da793b28ba80b7ec1b6800647e","0xe4ffd96b5e6d2b6cdb91030c48cc932756c951b5","0"
"0x316f99537b4bade5eea51073f1b7c38dfbf69a70","0xe4ffd96b5e6d2b6cdb91030c48cc932756c951b5","0"
"0x3dd48ad861f0b77d1312f9c95a13e52871ca95e0","0xe4ffd96b5e6d2b6cdb91030c48cc932756c951b5","0"
"0x058b10cbe1872ad139b00326686ee8ccef274c58","0xe4ffd96b5e6d2b6cdb91030c48cc932756c951b5","0"
"0x23c98b17743ef687cbab84cef9eca52d4934455a","0xe4ffd96b5e6d2b6cdb91030c48cc932756c951b5","0"
"0x697e69c7fcd8e7da793b28ba80b7ec1b6800647e","0xe4ffd96b5e6d2b6cdb91030c48cc932756c951b5","0"
"0x4cddff23d036e15fe786508ffa39b27f73b4a01a","0xe4ffd96b5e6d2b6cdb91030c48cc932756c951b5","0"
"0x23c98b17743ef687cbab84cef9eca52d4934455a","0xe4ffd96b5e6d2b6cdb91030c48cc932756c951b5","0"
"0x23c98b17743ef687cbab84cef9eca52d4934455a","0xe4ffd96b5e6d2b6cdb91030c48cc932756c951b5","0"
"0xc8b53a46cfef965c13919797c7aef78ff8146d1b","0xe4ffd96b5e6d2b6cdb91030c48cc932756c951b5","0"
"0x3dd48ad861f0b77d1312f9c95a13e52871ca95e0","0xe4ffd96b5e6d2b6cdb91030c48cc932756c951b5","0"
"0xa608c8880ed69ae525ca4cc97e5e09d823f6b1c4","0xe4ffd96b5e6d2b6cdb91030c48cc932756c951b5","0"
"0x35848fc8cbd1c6032ff441af5520de66eb75bce2","0xe4ffd96b5e6d2b6cdb91030c48cc932756c951b5","0"
"0x5398850a9399da87624874704feaa8a9c6c4089b","0xe4ffd96b5e6d2b6cdb91030c48cc932756c951b5","0"
"0x3dd48ad861f0b77d1312f9c95a13e52871ca95e0","0xe4ffd96b5e6d2b6cdb91030c48cc932756c951b5","0"
"0xfd26f25d6588b752a90e600aff038a654d64a42c","0xe4ffd96b5e6d2b6cdb91030c48cc932756c951b5","0"
"0xe44799ef334df157e0f8e2855e5ebebdbc02b299","0xe4ffd96b5e6d2b6cdb91030c48cc932756c951b5","0"
"0x670e9bf3aa6a024249d0bac4a608eba05c21fbd4","0xe4ffd96b5e6d2b6cdb91030c48cc932756c951b5","0"
"0x346aa32ffcba1064983b24ce0bc7b4af2e4e9859","0xe4ffd96b5e6d2b6cdb91030c48cc932756c951b5","0"
"0x8003030f5506af9f97f26eac00c0df24c09d9592","0xe4ffd96b5e6d2b6cdb91030c48cc932756c951b5","0"
"0xf5dcb2a47f738d8ba39f9fa2ddc7592f268a262a","0xe4ffd96b5e6d2b6cdb91030c48cc932756c951b5","0"
"0x50b1b62220390b63cdc539ded301fde9ea85ab71","0xe4ffd96b5e6d2b6cdb91030c48cc932756c951b5","0"
"0xafcfc04a489ecaae659a0b227224401ca0464004","0xe4ffd96b5e6d2b6cdb91030c48cc932756c951b5","0"
"0xa53a13a80d72a855481de5211e7654fabdfe3526","0xe4ffd96b5e6d2b6cdb91030c48cc932756c951b5","0"
"0xa04f4b887a03b211507c7648bed452bc78189ccd","0xe4ffd96b5e6d2b6cdb91030c48cc932756c951b5","0"
"0x62c66180c21723d2ebe5c9be61307dd2061c6f2d","0xe4ffd96b5e6d2b6cdb91030c48cc932756c951b5","0"
"0xf85f5637b21dfa62293a77c956e17d299199baa4","0xe4ffd96b5e6d2b6cdb91030c48cc932756c951b5","0"
"0x5ebef435b9538053b56e13b0c5f0b03513728a23","0xe4ffd96b5e6d2b6cdb91030c48cc932756c951b5","0"
"0x5ebef435b9538053b56e13b0c5f0b03513728a23","0xe4ffd96b5e6d2b6cdb91030c48cc932756c951b5","0"
"0x0000000484f2217f1a64eb6d24b5cee446faeae5","0xe4ffd96b5e6d2b6cdb91030c48cc932756c951b5","0"
"0x5ebef435b9538053b56e13b0c5f0b03513728a23","0xe4ffd96b5e6d2b6cdb91030c48cc932756c951b5","0"
"0x5e8d405cbc564473d85a9a31fbfca76167d69978","0xe4ffd96b5e6d2b6cdb91030c48cc932756c951b5","0"
"0x7d480d5fa0e8ab1232c02daf9aba33fd812987fa","0xe4ffd96b5e6d2b6cdb91030c48cc932756c951b5","0"
"0x8003030f5506af9f97f26eac00c0df24c09d9592","0xe4ffd96b5e6d2b6cdb91030c48cc932756c951b5","0"
"0xbbee065885558fba6a5c0cd8f7b827f631137900","0xe4ffd96b5e6d2b6cdb91030c48cc932756c951b5","0"
"0x244505cd66dc4cc15e58b61e0cd068d464229010","0xe4ffd96b5e6d2b6cdb91030c48cc932756c951b5","0"
"0x108a8b7200d044bbbe95bef6f671baec5473e05f","0xe4ffd96b5e6d2b6cdb91030c48cc932756c951b5","0"
"0xc4ed448e7d7bdd954e943954459017be63584f69","0xe4ffd96b5e6d2b6cdb91030c48cc932756c951b5","0"
"0x2b39c6ed2a2cfe57cc862a0b51c3fbcd3f9c9e8a","0xe4ffd96b5e6d2b6cdb91030c48cc932756c951b5","0"
"0x108a8b7200d044bbbe95bef6f671baec5473e05f","0xe4ffd96b5e6d2b6cdb91030c48cc932756c951b5","0"
"0xedc63f732d61df2556fd3ae84f911a84ac64b4ba","0xe4ffd96b5e6d2b6cdb91030c48cc932756c951b5","0"
"0x6e93ebc8302890ff1d1befd779d1db131ef30d4d","0xe4ffd96b5e6d2b6cdb91030c48cc932756c951b5","0"
"0xd6b806f51d41947b6c8465363de90941a81fd8bd","0xe4ffd96b5e6d2b6cdb91030c48cc932756c951b5","0"
"0x4ffd288f35241f0c321c92bf17a933dbfed3f714","0xe4ffd96b5e6d2b6cdb91030c48cc932756c951b5","0"
"0xd4f73bc9153dcbd551d5471bdbf13a9120f60d83","0xe4ffd96b5e6d2b6cdb91030c48cc932756c951b5","0"
"0xd6b806f51d41947b6c8465363de90941a81fd8bd","0xe4ffd96b5e6d2b6cdb91030c48cc932756c951b5","0"
"0xfbb91c8a81c57598eae29d25e9665128a9edd280","0xe4ffd96b5e6d2b6cdb91030c48cc932756c951b5","0"
"0x3dca07e16b2becd3eb76a9f9ce240b525451f887","0xe4ffd96b5e6d2b6cdb91030c48cc932756c951b5","0"
"0x4cddff23d036e15fe786508ffa39b27f73b4a01a","0xe4ffd96b5e6d2b6cdb91030c48cc932756c951b5","0"
"0x375a76eb73a6af2564c2e0878a04ec297bc4e83e","0xe4ffd96b5e6d2b6cdb91030c48cc932756c951b5","0"
"0x108a8b7200d044bbbe95bef6f671baec5473e05f","0xe4ffd96b5e6d2b6cdb91030c48cc932756c951b5","0"
"0x57099da19e52784823c0aab1e8d8124e964c4282","0xe4ffd96b5e6d2b6cdb91030c48cc932756c951b5","0"
"0x058b10cbe1872ad139b00326686ee8ccef274c58","0xe4ffd96b5e6d2b6cdb91030c48cc932756c951b5","0"
"0x5ebef435b9538053b56e13b0c5f0b03513728a23","0xe4ffd96b5e6d2b6cdb91030c48cc932756c951b5","0"
"0x41bc7d0687e6cea57fa26da78379dfdc5627c56d","0xe4ffd96b5e6d2b6cdb91030c48cc932756c951b5","0"
"0x23c98b17743ef687cbab84cef9eca52d4934455a","0xe4ffd96b5e6d2b6cdb91030c48cc932756c951b5","0"
"0x09b2b64a3f1084bc15c7ee33be7f5ce3414a4a60","0xe4ffd96b5e6d2b6cdb91030c48cc932756c951b5","0"
"0x14e56cf9e6257475f9b6310adc98865fc24d6504","0xe4ffd96b5e6d2b6cdb91030c48cc932756c951b5","0"
"0x23c98b17743ef687cbab84cef9eca52d4934455a","0xe4ffd96b5e6d2b6cdb91030c48cc932756c951b5","0"
"0x2b39c6ed2a2cfe57cc862a0b51c3fbcd3f9c9e8a","0xe4ffd96b5e6d2b6cdb91030c48cc932756c951b5","0"
"0x50b1b62220390b63cdc539ded301fde9ea85ab71","0xe4ffd96b5e6d2b6cdb91030c48cc932756c951b5","0"
"0x316f99537b4bade5eea51073f1b7c38dfbf69a70","0xe4ffd96b5e6d2b6cdb91030c48cc932756c951b5","0"
"0x5398850a9399da87624874704feaa8a9c6c4089b","0xe4ffd96b5e6d2b6cdb91030c48cc932756c951b5","0"
"0xca214150c6df8848b2488f33f2c35f2417265798","0xe4ffd96b5e6d2b6cdb91030c48cc932756c951b5","0"
"0xe701d6bb1a514b0d9c85f8b9f8e30adec3d90afd","0xe4ffd96b5e6d2b6cdb91030c48cc932756c951b5","0"
"0xc8b53a46cfef965c13919797c7aef78ff8146d1b","0xe4ffd96b5e6d2b6cdb91030c48cc932756c951b5","0"
"0x62c66180c21723d2ebe5c9be61307dd2061c6f2d","0xe4ffd96b5e6d2b6cdb91030c48cc932756c951b5","0"
"0x41bc7d0687e6cea57fa26da78379dfdc5627c56d","0xe4ffd96b5e6d2b6cdb91030c48cc932756c951b5","0"
"0xa608c8880ed69ae525ca4cc97e5e09d823f6b1c4","0xe4ffd96b5e6d2b6cdb91030c48cc932756c951b5","0"
"0x108a8b7200d044bbbe95bef6f671baec5473e05f","0xe4ffd96b5e6d2b6cdb91030c48cc932756c951b5","0"
"0xef398a72ca7e9c352d14aa297c5c59f604c43bdc","0xe4ffd96b5e6d2b6cdb91030c48cc932756c951b5","0"
"0xafcfc04a489ecaae659a0b227224401ca0464004","0xe4ffd96b5e6d2b6cdb91030c48cc932756c951b5","0"
"0xfd26f25d6588b752a90e600aff038a654d64a42c","0xe4ffd96b5e6d2b6cdb91030c48cc932756c951b5","0"
"0xa53a13a80d72a855481de5211e7654fabdfe3526","0xe4ffd96b5e6d2b6cdb91030c48cc932756c951b5","0"
"0x846b38bca519a7cb24e06edca34fc73726c5e252","0xe4ffd96b5e6d2b6cdb91030c48cc932756c951b5","0"
"0xca214150c6df8848b2488f33f2c35f2417265798","0xe4ffd96b5e6d2b6cdb91030c48cc932756c951b5","0"
"0x35848fc8cbd1c6032ff441af5520de66eb75bce2","0xe4ffd96b5e6d2b6cdb91030c48cc932756c951b5","0"
"0x6e93ebc8302890ff1d1befd779d1db131ef30d4d","0xe4ffd96b5e6d2b6cdb91030c48cc932756c951b5","0"
"0x170e26a0abde5f9a4cdf19143d166500b9b08382","0xe4ffd96b5e6d2b6cdb91030c48cc932756c951b5","0"
"0x4cddff23d036e15fe786508ffa39b27f73b4a01a","0xe4ffd96b5e6d2b6cdb91030c48cc932756c951b5","0"
"0xf180efe50905a9fc66cccc91a8945805ce8d6570","0xe4ffd96b5e6d2b6cdb91030c48cc932756c951b5","0"
"0xf180efe50905a9fc66cccc91a8945805ce8d6570","0xe4ffd96b5e6d2b6cdb91030c48cc932756c951b5","0"
"0x86ecc08f37cc348377e83e5e87642c3d99e58f58","0xe4ffd96b5e6d2b6cdb91030c48cc932756c951b5","0"
"0xf5dcb2a47f738d8ba39f9fa2ddc7592f268a262a","0xe4ffd96b5e6d2b6cdb91030c48cc932756c951b5","0"
"0x4cddff23d036e15fe786508ffa39b27f73b4a01a","0xe4ffd96b5e6d2b6cdb91030c48cc932756c951b5","0"
"0x5398850a9399da87624874704feaa8a9c6c4089b","0xe4ffd96b5e6d2b6cdb91030c48cc932756c951b5","0"
"0xfe2353c808f2409ccb81508005a62cef29457706","0xe4ffd96b5e6d2b6cdb91030c48cc932756c951b5","0"
"0x8e0acc3ff785a279551e2107125d1290156bedec","0xe4ffd96b5e6d2b6cdb91030c48cc932756c951b5","0"
"0xa626bd40a8c88f59a4cf9b1821a7bd71fad96285","0xe4ffd96b5e6d2b6cdb91030c48cc932756c951b5","0"
"0xa626bd40a8c88f59a4cf9b1821a7bd71fad96285","0xe4ffd96b5e6d2b6cdb91030c48cc932756c951b5","0"
"0x15bdd87fe60e212c150d18d205766bda86350152","0xe4ffd96b5e6d2b6cdb91030c48cc932756c951b5","0"
"0xf5dcb2a47f738d8ba39f9fa2ddc7592f268a262a","0xe4ffd96b5e6d2b6cdb91030c48cc932756c951b5","0"
"0x346aa32ffcba1064983b24ce0bc7b4af2e4e9859","0xe4ffd96b5e6d2b6cdb91030c48cc932756c951b5","0"
"0xa53a13a80d72a855481de5211e7654fabdfe3526","0xe4ffd96b5e6d2b6cdb91030c48cc932756c951b5","0"
"0x15bdd87fe60e212c150d18d205766bda86350152","0xe4ffd96b5e6d2b6cdb91030c48cc932756c951b5","0"
"0x6a6f83f08dc460f1b73677e9cd31e7e0eb62afaa","0xe4ffd96b5e6d2b6cdb91030c48cc932756c951b5","0"
"0xa3953352beab67861e5a7fff47f36611a1ff5335","0xe4ffd96b5e6d2b6cdb91030c48cc932756c951b5","0"
"0x3dca07e16b2becd3eb76a9f9ce240b525451f887","0xe4ffd96b5e6d2b6cdb91030c48cc932756c951b5","0"
"0x4cddff23d036e15fe786508ffa39b27f73b4a01a","0xe4ffd96b5e6d2b6cdb91030c48cc932756c951b5","0"
"0x23c98b17743ef687cbab84cef9eca52d4934455a","0xe4ffd96b5e6d2b6cdb91030c48cc932756c951b5","0"
"0x926aeb2e23d45a698413b3b6ed6b72a0ecc5d59d","0xe4ffd96b5e6d2b6cdb91030c48cc932756c951b5","0"
"0x926aeb2e23d45a698413b3b6ed6b72a0ecc5d59d","0xe4ffd96b5e6d2b6cdb91030c48cc932756c951b5","0"
"0x8878d2a969cd617cee9e0549d7ebaf5288464546","0xe4ffd96b5e6d2b6cdb91030c48cc932756c951b5","0"
"0xa66af16184134b48cbf2eb2918ed802ad7d244aa","0xe4ffd96b5e6d2b6cdb91030c48cc932756c951b5","0"
"0x108a8b7200d044bbbe95bef6f671baec5473e05f","0xe4ffd96b5e6d2b6cdb91030c48cc932756c951b5","0"
"0x6a6f83f08dc460f1b73677e9cd31e7e0eb62afaa","0xe4ffd96b5e6d2b6cdb91030c48cc932756c951b5","0"
"0x6ec40ae0b3da2954c28924fce4f59a9594da782c","0xe4ffd96b5e6d2b6cdb91030c48cc932756c951b5","0"
"0x4cddff23d036e15fe786508ffa39b27f73b4a01a","0xe4ffd96b5e6d2b6cdb91030c48cc932756c951b5","0"
"0x3dca07e16b2becd3eb76a9f9ce240b525451f887","0xe4ffd96b5e6d2b6cdb91030c48cc932756c951b5","0"
"0x058b10cbe1872ad139b00326686ee8ccef274c58","0xe4ffd96b5e6d2b6cdb91030c48cc932756c951b5","0"
"0x058b10cbe1872ad139b00326686ee8ccef274c58","0xe4ffd96b5e6d2b6cdb91030c48cc932756c951b5","0"
"0x60e2a272b6233d4fe08908bfa6ea44518501732a","0xe4ffd96b5e6d2b6cdb91030c48cc932756c951b5","0"
"0x5e1e164ab21828fcee0bddf0641f05e6da842ff7","0xe4ffd96b5e6d2b6cdb91030c48cc932756c951b5","0"
"0x85bc9206af54a6b0021f572de228596223f517b7","0xe4ffd96b5e6d2b6cdb91030c48cc932756c951b5","0"
"0x5029ddc9cb481fd57c020175e1d2448666807192","0xe4ffd96b5e6d2b6cdb91030c48cc932756c951b5","0"
"0x4ffd288f35241f0c321c92bf17a933dbfed3f714","0xe4ffd96b5e6d2b6cdb91030c48cc932756c951b5","0"
"0x8878d2a969cd617cee9e0549d7ebaf5288464546","0xe4ffd96b5e6d2b6cdb91030c48cc932756c951b5","0"
"0x84740f97aea62c5dc36756dfd9f749412534220e","0xe4ffd96b5e6d2b6cdb91030c48cc932756c951b5","0"
"0x4cddff23d036e15fe786508ffa39b27f73b4a01a","0xe4ffd96b5e6d2b6cdb91030c48cc932756c951b5","0"
"0x316f99537b4bade5eea51073f1b7c38dfbf69a70","0xe4ffd96b5e6d2b6cdb91030c48cc932756c951b5","0"
"0xf85f5637b21dfa62293a77c956e17d299199baa4","0xe4ffd96b5e6d2b6cdb91030c48cc932756c951b5","0"
"0x5e1e164ab21828fcee0bddf0641f05e6da842ff7","0xe4ffd96b5e6d2b6cdb91030c48cc932756c951b5","0"
"0x0573b48cd681560818e1c6f5be2dee53f2807bc6","0xe4ffd96b5e6d2b6cdb91030c48cc932756c951b5","0"
"0xafcfc04a489ecaae659a0b227224401ca0464004","0xe4ffd96b5e6d2b6cdb91030c48cc932756c951b5","0"
"0xab262d7b21a667b8c5b23b14e25d75be9ac6c3e2","0xe4ffd96b5e6d2b6cdb91030c48cc932756c951b5","0"
"0x23c98b17743ef687cbab84cef9eca52d4934455a","0xe4ffd96b5e6d2b6cdb91030c48cc932756c951b5","0"
"0x99c3e004363e650718273dcf9d0ca74bc4348932","0xe4ffd96b5e6d2b6cdb91030c48cc932756c951b5","0"
"0x058b10cbe1872ad139b00326686ee8ccef274c58","0xe4ffd96b5e6d2b6cdb91030c48cc932756c951b5","0"
"0x0573b48cd681560818e1c6f5be2dee53f2807bc6","0xe4ffd96b5e6d2b6cdb91030c48cc932756c951b5","0"
"0xedc63f732d61df2556fd3ae84f911a84ac64b4ba","0xe4ffd96b5e6d2b6cdb91030c48cc932756c951b5","0"
"0x5e1e164ab21828fcee0bddf0641f05e6da842ff7","0xe4ffd96b5e6d2b6cdb91030c48cc932756c951b5","0"
"0x5e1e164ab21828fcee0bddf0641f05e6da842ff7","0xe4ffd96b5e6d2b6cdb91030c48cc932756c951b5","0"
"0x108a8b7200d044bbbe95bef6f671baec5473e05f","0xe4ffd96b5e6d2b6cdb91030c48cc932756c951b5","0"
"0xb2b4bb2566e59bdebf50e56808336b2fae74d025","0xe4ffd96b5e6d2b6cdb91030c48cc932756c951b5","0"
"0x5398850a9399da87624874704feaa8a9c6c4089b","0xe4ffd96b5e6d2b6cdb91030c48cc932756c951b5","0"
"0xfdaf028f781a6eed9f9a39b2a538a3d7a1974e5f","0xe4ffd96b5e6d2b6cdb91030c48cc932756c951b5","0"
"0xa35dea1466b6cf14a1ac1a1203578908399e560f","0xe4ffd96b5e6d2b6cdb91030c48cc932756c951b5","0"
"0xf5dcb2a47f738d8ba39f9fa2ddc7592f268a262a","0xe4ffd96b5e6d2b6cdb91030c48cc932756c951b5","0"
"0x108a8b7200d044bbbe95bef6f671baec5473e05f","0xe4ffd96b5e6d2b6cdb91030c48cc932756c951b5","0"
"0x5a8c9e714082f1af7eb9d12600fbcfb91dfe2258","0xe4ffd96b5e6d2b6cdb91030c48cc932756c951b5","0"
"0xc8b53a46cfef965c13919797c7aef78ff8146d1b","0xe4ffd96b5e6d2b6cdb91030c48cc932756c951b5","0"
"0xc8b53a46cfef965c13919797c7aef78ff8146d1b","0xe4ffd96b5e6d2b6cdb91030c48cc932756c951b5","0"
"0x8474c43970481015019819936793ddc210a0050e","0xe4ffd96b5e6d2b6cdb91030c48cc932756c951b5","0"
"0xf78a149be085ff02bc5de35578d52055a47a619e","0xe4ffd96b5e6d2b6cdb91030c48cc932756c951b5","0"
"0x316f99537b4bade5eea51073f1b7c38dfbf69a70","0xe4ffd96b5e6d2b6cdb91030c48cc932756c951b5","0"
"0xa0f75491720835b36edc92d06ddc468d201e9b73","0xe4ffd96b5e6d2b6cdb91030c48cc932756c951b5","0"
"0xdd49f678e116665180863f34debb9c9f2bda2406","0xe4ffd96b5e6d2b6cdb91030c48cc932756c951b5","0"
"0x2bfe66759f0331066f3e7d57b3dc9a96bfc17927","0xe4ffd96b5e6d2b6cdb91030c48cc932756c951b5","0"
"0xc8b53a46cfef965c13919797c7aef78ff8146d1b","0xe4ffd96b5e6d2b6cdb91030c48cc932756c951b5","0"
"0x14e56cf9e6257475f9b6310adc98865fc24d6504","0xe4ffd96b5e6d2b6cdb91030c48cc932756c951b5","0"
"0xafcfc04a489ecaae659a0b227224401ca0464004","0xe4ffd96b5e6d2b6cdb91030c48cc932756c951b5","0"
"0xdbd440aa02f05ee4a9730d22474c4027446a8216","0xe4ffd96b5e6d2b6cdb91030c48cc932756c951b5","0"
"0x108a8b7200d044bbbe95bef6f671baec5473e05f","0xe4ffd96b5e6d2b6cdb91030c48cc932756c951b5","0"
"0x4cddff23d036e15fe786508ffa39b27f73b4a01a","0xe4ffd96b5e6d2b6cdb91030c48cc932756c951b5","0"
"0x964e2d8eceda7b7bc56606cf19fdd37ce1b1da0b","0xe4ffd96b5e6d2b6cdb91030c48cc932756c951b5","0"
"0x6f9bb7e454f5b3eb2310343f0e99269dc2bb8a1d","0xe4ffd96b5e6d2b6cdb91030c48cc932756c951b5","0"
"0xab262d7b21a667b8c5b23b14e25d75be9ac6c3e2","0xe4ffd96b5e6d2b6cdb91030c48cc932756c951b5","0"
"0xf85f5637b21dfa62293a77c956e17d299199baa4","0xe4ffd96b5e6d2b6cdb91030c48cc932756c951b5","0"
"0x2bfe66759f0331066f3e7d57b3dc9a96bfc17927","0xe4ffd96b5e6d2b6cdb91030c48cc932756c951b5","0"
"0xa608c8880ed69ae525ca4cc97e5e09d823f6b1c4","0xe4ffd96b5e6d2b6cdb91030c48cc932756c951b5","0"
"0xfdaf028f781a6eed9f9a39b2a538a3d7a1974e5f","0xe4ffd96b5e6d2b6cdb91030c48cc932756c951b5","0"
"0x164a15e16d697c2f8ac77c2866441f411365d396","0xe4ffd96b5e6d2b6cdb91030c48cc932756c951b5","0"
"0x6f9bb7e454f5b3eb2310343f0e99269dc2bb8a1d","0xe4ffd96b5e6d2b6cdb91030c48cc932756c951b5","0"
"0x50b1b62220390b63cdc539ded301fde9ea85ab71","0xe4ffd96b5e6d2b6cdb91030c48cc932756c951b5","0"
"0xa626bd40a8c88f59a4cf9b1821a7bd71fad96285","0xe4ffd96b5e6d2b6cdb91030c48cc932756c951b5","0"
"0x23c98b17743ef687cbab84cef9eca52d4934455a","0xe4ffd96b5e6d2b6cdb91030c48cc932756c951b5","0"
"0x4ffd288f35241f0c321c92bf17a933dbfed3f714","0xe4ffd96b5e6d2b6cdb91030c48cc932756c951b5","0"
"0xedc63f732d61df2556fd3ae84f911a84ac64b4ba","0xe4ffd96b5e6d2b6cdb91030c48cc932756c951b5","0"
"0xedc63f732d61df2556fd3ae84f911a84ac64b4ba","0xe4ffd96b5e6d2b6cdb91030c48cc932756c951b5","0"
"0x5d47aa241f7c88b1b9b96f824c206de026b8b03f","0xe4ffd96b5e6d2b6cdb91030c48cc932756c951b5","0"
"0xe701d6bb1a514b0d9c85f8b9f8e30adec3d90afd","0xe4ffd96b5e6d2b6cdb91030c48cc932756c951b5","0"
"0x108a8b7200d044bbbe95bef6f671baec5473e05f","0xe4ffd96b5e6d2b6cdb91030c48cc932756c951b5","0"
"0x221dba3c5ac8abeff8a20d660c7cdb328ebdd7a3","0xe4ffd96b5e6d2b6cdb91030c48cc932756c951b5","0"
"0xafcfc04a489ecaae659a0b227224401ca0464004","0xe4ffd96b5e6d2b6cdb91030c48cc932756c951b5","0"
"0xb2b4bb2566e59bdebf50e56808336b2fae74d025","0xe4ffd96b5e6d2b6cdb91030c48cc932756c951b5","0"
"0x5f12ab23d48345ceccf2397886610c199416bce1","0xe4ffd96b5e6d2b6cdb91030c48cc932756c951b5","0"
"0x058b10cbe1872ad139b00326686ee8ccef274c58","0xe4ffd96b5e6d2b6cdb91030c48cc932756c951b5","0"
"0x9b588802951e250a4611e2e324f11f1a0cbf7892","0xe4ffd96b5e6d2b6cdb91030c48cc932756c951b5","0"
"0x108a8b7200d044bbbe95bef6f671baec5473e05f","0xe4ffd96b5e6d2b6cdb91030c48cc932756c951b5","0"
"0x1d436c04aa4875866a14d124171eb3cb8564077b","0xe4ffd96b5e6d2b6cdb91030c48cc932756c951b5","0"
"0xb270dd05f41a7fd0ffcb3dc26f3f982998a7cfd1","0xe4ffd96b5e6d2b6cdb91030c48cc932756c951b5","0"
"0x4207fb065cba079bc0a487accbda282fd8446026","0xe4ffd96b5e6d2b6cdb91030c48cc932756c951b5","0"
"0x4ffd288f35241f0c321c92bf17a933dbfed3f714","0xe4ffd96b5e6d2b6cdb91030c48cc932756c951b5","0"
"0x9cb0a6b520d5c1fdf700beba8fe1b0866ef619e6","0xe4ffd96b5e6d2b6cdb91030c48cc932756c951b5","0"
"0x316f99537b4bade5eea51073f1b7c38dfbf69a70","0xe4ffd96b5e6d2b6cdb91030c48cc932756c951b5","0"
"0xb270e1fc01d0e892363a967b7cef6eeb2be7bb25","0xe4ffd96b5e6d2b6cdb91030c48cc932756c951b5","0"
"0x9761ca56ab0622cc7870bbe1286ce01e41b2cb72","0xe4ffd96b5e6d2b6cdb91030c48cc932756c951b5","0"
"0x6ec40ae0b3da2954c28924fce4f59a9594da782c","0xe4ffd96b5e6d2b6cdb91030c48cc932756c951b5","0"
"0x108a8b7200d044bbbe95bef6f671baec5473e05f","0xe4ffd96b5e6d2b6cdb91030c48cc932756c951b5","0"
"0xaa1410f3bffded2715ba045c4237a668e15f5154","0xe4ffd96b5e6d2b6cdb91030c48cc932756c951b5","0"
"0xef764bac8a438e7e498c2e5fccf0f174c3e3f8db","0xe4ffd96b5e6d2b6cdb91030c48cc932756c951b5","0"
"0x4cddff23d036e15fe786508ffa39b27f73b4a01a","0xe4ffd96b5e6d2b6cdb91030c48cc932756c951b5","0"
"0xafcfc04a489ecaae659a0b227224401ca0464004","0xe4ffd96b5e6d2b6cdb91030c48cc932756c951b5","0"
"0xc4ed448e7d7bdd954e943954459017be63584f69","0xe4ffd96b5e6d2b6cdb91030c48cc932756c951b5","0"
"0xaa33cf57391ca508922b1a314cc1f999fe9d4439","0xe4ffd96b5e6d2b6cdb91030c48cc932756c951b5","0"
"0x1d436c04aa4875866a14d124171eb3cb8564077b","0xe4ffd96b5e6d2b6cdb91030c48cc932756c951b5","0"
"0xa626bd40a8c88f59a4cf9b1821a7bd71fad96285","0xe4ffd96b5e6d2b6cdb91030c48cc932756c951b5","0"
"0x2bfe66759f0331066f3e7d57b3dc9a96bfc17927","0xe4ffd96b5e6d2b6cdb91030c48cc932756c951b5","0"
"0x0000000484f2217f1a64eb6d24b5cee446faeae5","0xe4ffd96b5e6d2b6cdb91030c48cc932756c951b5","0"
"0x4cddff23d036e15fe786508ffa39b27f73b4a01a","0xe4ffd96b5e6d2b6cdb91030c48cc932756c951b5","0"
"0x09b2b64a3f1084bc15c7ee33be7f5ce3414a4a60","0xe4ffd96b5e6d2b6cdb91030c48cc932756c951b5","0"
"0x4cddff23d036e15fe786508ffa39b27f73b4a01a","0xe4ffd96b5e6d2b6cdb91030c48cc932756c951b5","0"
"0xb270e1fc01d0e892363a967b7cef6eeb2be7bb25","0xe4ffd96b5e6d2b6cdb91030c48cc932756c951b5","0"
"0x3dfe840869f6a11acc4c8c59a827671320549532","0xe4ffd96b5e6d2b6cdb91030c48cc932756c951b5","0"
"0xef764bac8a438e7e498c2e5fccf0f174c3e3f8db","0xe4ffd96b5e6d2b6cdb91030c48cc932756c951b5","0"
"0x5efb378b18682bee1acf36f2d04acc93b81e5ad3","0xe4ffd96b5e6d2b6cdb91030c48cc932756c951b5","0"
"0xc8d6f9665d18163c2b5b4f9c4158f56b96c50f87","0xe4ffd96b5e6d2b6cdb91030c48cc932756c951b5","0"
"0xfd26f25d6588b752a90e600aff038a654d64a42c","0xe4ffd96b5e6d2b6cdb91030c48cc932756c951b5","0"
"0x670e9bf3aa6a024249d0bac4a608eba05c21fbd4","0xe4ffd96b5e6d2b6cdb91030c48cc932756c951b5","0"
"0x91196e5333438dafa6d5a1f3db7c4552c39e52b0","0xe4ffd96b5e6d2b6cdb91030c48cc932756c951b5","0"
"0x75f58030c190bb4288f56100f0ee49b6eeb4a134","0xe4ffd96b5e6d2b6cdb91030c48cc932756c951b5","0"
"0x9761ca56ab0622cc7870bbe1286ce01e41b2cb72","0xe4ffd96b5e6d2b6cdb91030c48cc932756c951b5","0"
"0xedc63f732d61df2556fd3ae84f911a84ac64b4ba","0xe4ffd96b5e6d2b6cdb91030c48cc932756c951b5","0"
"0x3146a07a380451b71a02979eb7ef723f9a27cffa","0xe4ffd96b5e6d2b6cdb91030c48cc932756c951b5","0"
"0xb2b4bb2566e59bdebf50e56808336b2fae74d025","0xe4ffd96b5e6d2b6cdb91030c48cc932756c951b5","0"
"0x14b25601e369b40f5bcd1de0f9a53174e3c59d34","0xe4ffd96b5e6d2b6cdb91030c48cc932756c951b5","0"
"0xaa33cf57391ca508922b1a314cc1f999fe9d4439","0xe4ffd96b5e6d2b6cdb91030c48cc932756c951b5","0"
"0xfdaf028f781a6eed9f9a39b2a538a3d7a1974e5f","0xe4ffd96b5e6d2b6cdb91030c48cc932756c951b5","0"
"0x3dd48ad861f0b77d1312f9c95a13e52871ca95e0","0xe4ffd96b5e6d2b6cdb91030c48cc932756c951b5","0"
"0x41bc7d0687e6cea57fa26da78379dfdc5627c56d","0xe4ffd96b5e6d2b6cdb91030c48cc932756c951b5","0"
"0xaa1410f3bffded2715ba045c4237a668e15f5154","0xe4ffd96b5e6d2b6cdb91030c48cc932756c951b5","0"
"0xc31db2e710192791b65de43d4b84886a6d770322","0xe4ffd96b5e6d2b6cdb91030c48cc932756c951b5","0"
"0x0000000484f2217f1a64eb6d24b5cee446faeae5","0xe4ffd96b5e6d2b6cdb91030c48cc932756c951b5","0"
"0x9c8fad7b297c634023ea5bface00bf2c2c985ec2","0xe4ffd96b5e6d2b6cdb91030c48cc932756c951b5","0"
"0x5f12ab23d48345ceccf2397886610c199416bce1","0xe4ffd96b5e6d2b6cdb91030c48cc932756c951b5","0"
"0x1be178db4f24bce596055a02fd27b6119c7b1918","0xe4ffd96b5e6d2b6cdb91030c48cc932756c951b5","0"
"0xa608c8880ed69ae525ca4cc97e5e09d823f6b1c4","0xe4ffd96b5e6d2b6cdb91030c48cc932756c951b5","0"
"0x316f99537b4bade5eea51073f1b7c38dfbf69a70","0xe4ffd96b5e6d2b6cdb91030c48cc932756c951b5","0"
"0x09b2b64a3f1084bc15c7ee33be7f5ce3414a4a60","0xe4ffd96b5e6d2b6cdb91030c48cc932756c951b5","0"
"0xef764bac8a438e7e498c2e5fccf0f174c3e3f8db","0xe4ffd96b5e6d2b6cdb91030c48cc932756c951b5","0"
"0xafcfc04a489ecaae659a0b227224401ca0464004","0xe4ffd96b5e6d2b6cdb91030c48cc932756c951b5","0"
"0xc8b53a46cfef965c13919797c7aef78ff8146d1b","0xe4ffd96b5e6d2b6cdb91030c48cc932756c951b5","0"
"0x4207fb065cba079bc0a487accbda282fd8446026","0xe4ffd96b5e6d2b6cdb91030c48cc932756c951b5","0"
"0x316f99537b4bade5eea51073f1b7c38dfbf69a70","0xe4ffd96b5e6d2b6cdb91030c48cc932756c951b5","0"
"0xd6b806f51d41947b6c8465363de90941a81fd8bd","0xe4ffd96b5e6d2b6cdb91030c48cc932756c951b5","0"
"0xa0f75491720835b36edc92d06ddc468d201e9b73","0xe4ffd96b5e6d2b6cdb91030c48cc932756c951b5","0"
"0x221dba3c5ac8abeff8a20d660c7cdb328ebdd7a3","0xe4ffd96b5e6d2b6cdb91030c48cc932756c951b5","0"
"0x221dba3c5ac8abeff8a20d660c7cdb328ebdd7a3","0xe4ffd96b5e6d2b6cdb91030c48cc932756c951b5","0"
"0x23c98b17743ef687cbab84cef9eca52d4934455a","0xe4ffd96b5e6d2b6cdb91030c48cc932756c951b5","0"
"0x5d47aa241f7c88b1b9b96f824c206de026b8b03f","0xe4ffd96b5e6d2b6cdb91030c48cc932756c951b5","0"
"0x5e8d405cbc564473d85a9a31fbfca76167d69978","0xe4ffd96b5e6d2b6cdb91030c48cc932756c951b5","0"
"0xd81a19b8b3be4912018b32ad634c0ca873f45189","0xe4ffd96b5e6d2b6cdb91030c48cc932756c951b5","0"
"0xd81a19b8b3be4912018b32ad634c0ca873f45189","0xe4ffd96b5e6d2b6cdb91030c48cc932756c951b5","0"
"0x058b10cbe1872ad139b00326686ee8ccef274c58","0xe4ffd96b5e6d2b6cdb91030c48cc932756c951b5","0"
"0x2b39c6ed2a2cfe57cc862a0b51c3fbcd3f9c9e8a","0xe4ffd96b5e6d2b6cdb91030c48cc932756c951b5","0"
"0x26d13c17659e1305344ee31635b5a2b72e94d82e","0xe4ffd96b5e6d2b6cdb91030c48cc932756c951b5","0"
"0xfde0ebba06528945e4ac1ebf1534ad147f8b4bac","0xe4ffd96b5e6d2b6cdb91030c48cc932756c951b5","0"
"0x5ebef435b9538053b56e13b0c5f0b03513728a23","0xe4ffd96b5e6d2b6cdb91030c48cc932756c951b5","0"
"0x244505cd66dc4cc15e58b61e0cd068d464229010","0xe4ffd96b5e6d2b6cdb91030c48cc932756c951b5","0"
"0x22fa8cc33a42320385cbd3690ed60a021891cb32","0xe4ffd96b5e6d2b6cdb91030c48cc932756c951b5","0"
"0x82eab62c00161baca05c6bd20c9292d7f1752ce2","0xe4ffd96b5e6d2b6cdb91030c48cc932756c951b5","0"
"0xfbb91c8a81c57598eae29d25e9665128a9edd280","0xe4ffd96b5e6d2b6cdb91030c48cc932756c951b5","0"
"0xd4f73bc9153dcbd551d5471bdbf13a9120f60d83","0xe4ffd96b5e6d2b6cdb91030c48cc932756c951b5","0"
"0xbd6f5bdc401ab1ca811e40755f4a2ddad75ce2cc","0xe4ffd96b5e6d2b6cdb91030c48cc932756c951b5","0"
"0x6ec40ae0b3da2954c28924fce4f59a9594da782c","0xe4ffd96b5e6d2b6cdb91030c48cc932756c951b5","0"
"0x68f593572402632c724bc2d2fca05e91541269f3","0xe4ffd96b5e6d2b6cdb91030c48cc932756c951b5","0"
"0x6f9bb7e454f5b3eb2310343f0e99269dc2bb8a1d","0xe4ffd96b5e6d2b6cdb91030c48cc932756c951b5","0"
"0xa914c3f59abc6deae86e39d2ae538c2ffbe95562","0xe4ffd96b5e6d2b6cdb91030c48cc932756c951b5","0"
"0x82eab62c00161baca05c6bd20c9292d7f1752ce2","0xe4ffd96b5e6d2b6cdb91030c48cc932756c951b5","0"
"0xfb5b840a85d41bf28081a31b186fce24eff5ab5f","0xe4ffd96b5e6d2b6cdb91030c48cc932756c951b5","0"
"0x8e0acc3ff785a279551e2107125d1290156bedec","0xe4ffd96b5e6d2b6cdb91030c48cc932756c951b5","0"
"0x164a15e16d697c2f8ac77c2866441f411365d396","0xe4ffd96b5e6d2b6cdb91030c48cc932756c951b5","0"
"0x108a8b7200d044bbbe95bef6f671baec5473e05f","0xe4ffd96b5e6d2b6cdb91030c48cc932756c951b5","0"
"0x164a15e16d697c2f8ac77c2866441f411365d396","0xe4ffd96b5e6d2b6cdb91030c48cc932756c951b5","0"
"0x8ad022c6c7e40cecda7573607e4a1a98b611b7ef","0xe4ffd96b5e6d2b6cdb91030c48cc932756c951b5","0"
"0x7d480d5fa0e8ab1232c02daf9aba33fd812987fa","0xe4ffd96b5e6d2b6cdb91030c48cc932756c951b5","0"
"0xde13608e87cdd70c5b10c0de1bdc467f66d846c4","0xe4ffd96b5e6d2b6cdb91030c48cc932756c951b5","0"
"0x72eb41ae7f943445da9932662d31a06d56a3cfaa","0xe4ffd96b5e6d2b6cdb91030c48cc932756c951b5","0"
"0x99c3e004363e650718273dcf9d0ca74bc4348932","0xe4ffd96b5e6d2b6cdb91030c48cc932756c951b5","0"
"0x847eaa8e0a808305b00305da61b875dd2ca3fbac","0xe4ffd96b5e6d2b6cdb91030c48cc932756c951b5","0"
"0x0573b48cd681560818e1c6f5be2dee53f2807bc6","0xe4ffd96b5e6d2b6cdb91030c48cc932756c951b5","0"
"0xe1de283eab72a68f7ff972fca13f8953c6e15e51","0xe4ffd96b5e6d2b6cdb91030c48cc932756c951b5","0"
"0xc250faac530589cce5a5c22e5f0961fa212542c1","0xe4ffd96b5e6d2b6cdb91030c48cc932756c951b5","0"
"0x4ffd288f35241f0c321c92bf17a933dbfed3f714","0xe4ffd96b5e6d2b6cdb91030c48cc932756c951b5","0"
"0xfe2353c808f2409ccb81508005a62cef29457706","0xe4ffd96b5e6d2b6cdb91030c48cc932756c951b5","0"
"0x50b1b62220390b63cdc539ded301fde9ea85ab71","0xe4ffd96b5e6d2b6cdb91030c48cc932756c951b5","0"
"0xf85f5637b21dfa62293a77c956e17d299199baa4","0xe4ffd96b5e6d2b6cdb91030c48cc932756c951b5","0"
"0xbbee065885558fba6a5c0cd8f7b827f631137900","0xe4ffd96b5e6d2b6cdb91030c48cc932756c951b5","0"
"0xf85f5637b21dfa62293a77c956e17d299199baa4","0xe4ffd96b5e6d2b6cdb91030c48cc932756c951b5","0"
"0x697e69c7fcd8e7da793b28ba80b7ec1b6800647e","0xe4ffd96b5e6d2b6cdb91030c48cc932756c951b5","0"
"0x57099da19e52784823c0aab1e8d8124e964c4282","0xe4ffd96b5e6d2b6cdb91030c48cc932756c951b5","0"
"0xcefcca169357a18eb8c3f230f92b58562e48cae5","0xe4ffd96b5e6d2b6cdb91030c48cc932756c951b5","0"
"0xab262d7b21a667b8c5b23b14e25d75be9ac6c3e2","0xe4ffd96b5e6d2b6cdb91030c48cc932756c951b5","0"
"0x846b38bca519a7cb24e06edca34fc73726c5e252","0xe4ffd96b5e6d2b6cdb91030c48cc932756c951b5","0"
"0x8474c43970481015019819936793ddc210a0050e","0xe4ffd96b5e6d2b6cdb91030c48cc932756c951b5","0"
"0xe701d6bb1a514b0d9c85f8b9f8e30adec3d90afd","0xe4ffd96b5e6d2b6cdb91030c48cc932756c951b5","0"
"0x170e26a0abde5f9a4cdf19143d166500b9b08382","0xe4ffd96b5e6d2b6cdb91030c48cc932756c951b5","0"
"0x62c739355acb578caaf7481ab6e35f2895ecc5e7","0xe4ffd96b5e6d2b6cdb91030c48cc932756c951b5","0"
"0xe44799ef334df157e0f8e2855e5ebebdbc02b299","0xe4ffd96b5e6d2b6cdb91030c48cc932756c951b5","0"
"0x9b588802951e250a4611e2e324f11f1a0cbf7892","0xe4ffd96b5e6d2b6cdb91030c48cc932756c951b5","0"
"0x926aeb2e23d45a698413b3b6ed6b72a0ecc5d59d","0xe4ffd96b5e6d2b6cdb91030c48cc932756c951b5","0"
"0xe44799ef334df157e0f8e2855e5ebebdbc02b299","0xe4ffd96b5e6d2b6cdb91030c48cc932756c951b5","0"
"0x03b9129679cf84e608c072677003a1e65089433c","0xe4ffd96b5e6d2b6cdb91030c48cc932756c951b5","0"
"0x5a76ea2b8ecbb5622ae69e6aed1ff60a9f353d4c","0xe4ffd96b5e6d2b6cdb91030c48cc932756c951b5","0"
"0x7620fd9b67f62de89334c3ca58212c82260bc666","0xe4ffd96b5e6d2b6cdb91030c48cc932756c951b5","0"
"0x964e2d8eceda7b7bc56606cf19fdd37ce1b1da0b","0xe4ffd96b5e6d2b6cdb91030c48cc932756c951b5","0"
"0x964e2d8eceda7b7bc56606cf19fdd37ce1b1da0b","0xe4ffd96b5e6d2b6cdb91030c48cc932756c951b5","0"
"0x39fcfa14df3992f057fcc22df714bd24c844dc2d","0xe4ffd96b5e6d2b6cdb91030c48cc932756c951b5","0"
"0x0573b48cd681560818e1c6f5be2dee53f2807bc6","0xe4ffd96b5e6d2b6cdb91030c48cc932756c951b5","0"
"0x0573b48cd681560818e1c6f5be2dee53f2807bc6","0xe4ffd96b5e6d2b6cdb91030c48cc932756c951b5","0"
"0xe857656b7804ecc0d0d0fd643c6cfb69063a7d1a","0xe4ffd96b5e6d2b6cdb91030c48cc932756c951b5","0"
