"Txhash","Blockno","UnixTimestamp","DateTime","From","To","ContractAddress","Value_IN(ETH)","Value_OUT(ETH)","CurrentValue @ $2705.8/Eth","TxnFee(ETH)","TxnFee(USD)","Historical $Price/Eth","Status","ErrCode","Method"
"0xb39a313a8c56a77e1238385f38c88e620cc1b5ffdd5378f210b4d579ea4cedc2","12478764","1621614659","2021-05-21 16:30:59","0x214089f28873987135ec9d870bb3c9fa2769598f","0x54cee0ef273d3d08ed120b0c561c0284a4c4490e","","467.418470345337238195","0","1264740.89706041","0.005754","15.5691732","2435.86","","","Transfer",""
"0x9476db298a4854637cb1ce14cd46d9bca260a6f237b88ca3d192f42d69161449","12479885","1621629490","2021-05-21 20:38:10","0x5d8f31c173e7d64b4ffabfb733ab407942dccffa","0x54cee0ef273d3d08ed120b0c561c0284a4c4490e","","260.396315545826978254","0","704580.350603899","0.004557","12.3303306","2435.86","","","Transfer",""
"0xefad5c4e6e0f5004a4bcbb72e27cd79c71eb60f301ca289ffc3bbddb09b550df","12479890","1621629540","2021-05-21 20:39:00","0x4f1525e4c9be32d78afc6a37cbe3e23e2bc17605","0x54cee0ef273d3d08ed120b0c561c0284a4c4490e","","1400","0","3788120","0.004557","12.3303306","2435.86","","","Transfer",""
"0x7fcb49ba7534dedf69f25b7a9d968cb463bfdd5d0a7bc0de3aae0e51720e00a2","12479923","1621629989","2021-05-21 20:46:29","0x055162e4aeeca81ab35f8ed221715e621e750002","0x54cee0ef273d3d08ed120b0c561c0284a4c4490e","","1400","0","3788120","0.00462","12.500796","2435.86","","","Transfer",""
"0x75ff0001b270979befc1135999e5d331882dae987002e3cad46102fc8af75bbd","12479924","1621629994","2021-05-21 20:46:34","0x4dc92aabb6179c6e706334b6a3687a8fc63548d0","0x54cee0ef273d3d08ed120b0c561c0284a4c4490e","","246.719560813839952578","0","667573.787650088","0.00462","12.500796","2435.86","","","Transfer",""
"0x9ad407860ee7fef4b23c459f810bbf4db30f1a6248c4b0a5090678327c9275f5","12485915","1621710560","2021-05-22 19:09:20","0x53f20ac861c3488ab7f652109ffe0f0a2d60d8a2","0x54cee0ef273d3d08ed120b0c561c0284a4c4490e","","629.849771682465413072","0","1704247.51221842","0.001071","2.8979118","2297.03","","","Transfer",""
"0x74d0a83f9ac1c0cd314daf773ea8c2f39dade9e81a4005016ac2de4e4b3b1d7a","12485915","1621710560","2021-05-22 19:09:20","0xf83f3766f76e9e77fbd84aaced6029a1ff67873d","0x54cee0ef273d3d08ed120b0c561c0284a4c4490e","","1400","0","3788120","0.001071","2.8979118","2297.03","","","Transfer",""
"0x54476ab599d337b755eb64cfdbd63ef2fa7937350ad1739c11aebdc30060da69","12486493","1621718136","2021-05-22 21:15:36","0x6dd36f49e9464e35519660cc0fa95f22d4a945e2","0x54cee0ef273d3d08ed120b0c561c0284a4c4490e","","1400","0","3788120","0.000861","2.3296938","2297.03","","","Transfer",""
"0x6a968abd2d9923ae9ea93495ef4e7fe021190f44f7162973c57a855a0ea3f602","12486493","1621718136","2021-05-22 21:15:36","0x5c5f127900629e1c341520ecd2fbd92996fe609b","0x54cee0ef273d3d08ed120b0c561c0284a4c4490e","","618.13994035298173808","0","1672563.0506071","0.000861","2.3296938","2297.03","","","Transfer",""
"0x09ccba44ecbd7dcd15b5a312f4d3d5b7d9b6e63417b46635b4c3ee65887ab632","12486493","1621718136","2021-05-22 21:15:36","0xae5ea2d8b0ad70537a8e5dd30ab7da09b5d493a1","0x54cee0ef273d3d08ed120b0c561c0284a4c4490e","","1400","0","3788120","0.000861","2.3296938","2297.03","","","Transfer",""
"0x940e0fa21e293ee7ffac823a6f0a4e696b0fcee523d832cf9c25779bfab28ef4","12488231","1621741545","2021-05-23 03:45:45","0xdde626a856e1c04eca03b585861ee5fe9ba6eb19","0x54cee0ef273d3d08ed120b0c561c0284a4c4490e","","1418.74046652869461214","0","3838827.95433334","0.000903","2.4433374","2098.57","","","Transfer",""
"0xc545cf68b5719e4ea2b40c0d9e9fe9aecc4dc8d0a82be66a04c7668c3f71927c","12488717","1621748046","2021-05-23 05:34:06","0x63e5451561fe4bd1df7130a969885c72e62bcd0b","0x54cee0ef273d3d08ed120b0c561c0284a4c4490e","","941.799117023906700082","0","2548320.05084329","0.000903","2.4433374","2098.57","","","Transfer",""
"0xecd3f872118a5b8c1c175ed9b2021ffeebaa2758869be8aa70a116c54266d67f","12488717","1621748046","2021-05-23 05:34:06","0x6156028d02a5ff9fa6781df0cbea3edc186b1529","0x54cee0ef273d3d08ed120b0c561c0284a4c4490e","","1400","0","3788120","0.000903","2.4433374","2098.57","","","Transfer",""
"0x3d63f4895a097accb55f5d35a8d1f2f9ca053eb954b2c291f38ffe041002f443","12490091","1621766913","2021-05-23 10:48:33","0x0fbda207f2f37a8f77e535c73fa0048c9e809330","0x54cee0ef273d3d08ed120b0c561c0284a4c4490e","","1463.951449037080104163","0","3961159.83080453","0.002646","7.1595468","2098.57","","","Transfer",""
"0x76d3a01bb8290eaa5a7b4a7c1795f3454adf4d88c72582309523787906442036","12491059","1621779599","2021-05-23 14:19:59","0x40bd547df4eb9d2879b82d3c7a361598ca1dc08e","0x54cee0ef273d3d08ed120b0c561c0284a4c4490e","","1400","0","3788120","0.006657","18.0125106","2098.57","","","Transfer",""
"0xa1e272e74119430be50d86ff906574a2229a2ab5801b2bd928960e10253bb621","12491059","1621779599","2021-05-23 14:19:59","0xd5924b1c4a5316b251ad0a035c50a74c98d38379","0x54cee0ef273d3d08ed120b0c561c0284a4c4490e","","1025.484137784630226851","0","2774754.98001765","0.006657","18.0125106","2098.57","","","Transfer",""
"0xf61a3682f54830560f1436a9c8cef71fda2733884a2e2b6d75c9aba260481f7c","12491196","1621781478","2021-05-23 14:51:18","0xd0f9f98a75871139de46dd894440edfe3ae58e67","0x54cee0ef273d3d08ed120b0c561c0284a4c4490e","","774.624172195731347096","0","2095978.08512721","0.005712","15.4555296","2098.57","","","Transfer",""
"0x3812ce8e08745889a924210a48000e0ff7b57a3dfcd5e892a532e61ecb0b5253","12491196","1621781478","2021-05-23 14:51:18","0x2dd7a586a8f15ca016852df245e63867c24eb83d","0x54cee0ef273d3d08ed120b0c561c0284a4c4490e","","1400","0","3788120","0.005712","15.4555296","2098.57","","","Transfer",""
"0x759831e57d7497b09884178a99ed0a4de8eb6a714954e78990cd9d58e3a708af","12491196","1621781478","2021-05-23 14:51:18","0xb2ec2a0ccd36f53211d948d745c63e31da420269","0x54cee0ef273d3d08ed120b0c561c0284a4c4490e","","1400","0","3788120","0.005712","15.4555296","2098.57","","","Transfer",""
"0x7c2ac91e6f3c0d4f04ff2d0f743345d0539122b679b8a30d87ceb9d45a7d2769","12491248","1621782145","2021-05-23 15:02:25","0xd7c4e02be3d7e16ddb3278cd817878021c174605","0x54cee0ef273d3d08ed120b0c561c0284a4c4490e","","1400","0","3788120","0.005733","15.5123514","2098.57","","","Transfer",""
"0x35facc6fe2a1fe3f21571fadb2103c35fd678f5763450acca773a961c3697448","12491248","1621782145","2021-05-23 15:02:25","0xfa94fb77cb2380cfb4799d1cfcbcfeb90d642e7b","0x54cee0ef273d3d08ed120b0c561c0284a4c4490e","","1400","0","3788120","0.005733","15.5123514","2098.57","","","Transfer",""
"0x24141adc201bb1ff4425cfe09956b8f24be04c2a6c6a2db0d42256146f514ff4","12491248","1621782145","2021-05-23 15:02:25","0x6021cdd1383c8c96796cff22232f6e9e5f4272d5","0x54cee0ef273d3d08ed120b0c561c0284a4c4490e","","363.686196696807033116","0","984062.111022221","0.005733","15.5123514","2098.57","","","Transfer",""
"0x7e1f37266c9b0d2f968b2112d0782d8604661d426a2eaa377116d4430a3a79cf","12491360","1621783401","2021-05-23 15:23:21","0xc5767599309d6f5872a3713f9bf409acd0865d21","0x54cee0ef273d3d08ed120b0c561c0284a4c4490e","","1410.729993925931778021","0","3817153.21756479","0.00399","10.796142","2098.57","","","Transfer",""
"0x21e030e51538716b75a6c968578b16297fa8638a73d58dd4ce2d6c58292750d5","12491442","1621784665","2021-05-23 15:44:25","0x02cf0a207ac5df3d9509166467cbed202aa40d09","0x54cee0ef273d3d08ed120b0c561c0284a4c4490e","","1400","0","3788120","0.003402","9.2051316","2098.57","","","Transfer",""
"0x52f794c345e73fe94724864e0a7b3d3be625b921b08999c44b7bd8932cf1a0d4","12491442","1621784665","2021-05-23 15:44:25","0x4aa97069fc0fb3baed04e24833f395ed47f6410b","0x54cee0ef273d3d08ed120b0c561c0284a4c4490e","","725.163498236267742287","0","1962147.39352769","0.003402","9.2051316","2098.57","","","Transfer",""
"0xa8fc0f155ce13fddbcd517ad8a46453e94e1aee08561f7a5e8675bb0b6a50d66","12491494","1621785329","2021-05-23 15:55:29","0x16f43856e6a31391df17195d31528bd38417b5ac","0x54cee0ef273d3d08ed120b0c561c0284a4c4490e","","1400","0","3788120","0.003507","9.4892406","2098.57","","","Transfer",""
"0x1911c047024ca75e68ee9d18050a4a471e9b369f6b605b100e4c8d9850fdf1e2","12491494","1621785329","2021-05-23 15:55:29","0xca71f07c09ae219b6ca6be6d917a618d2715318a","0x54cee0ef273d3d08ed120b0c561c0284a4c4490e","","1400","0","3788120","0.003507","9.4892406","2098.57","","","Transfer",""
"0xbd9c66416c7a9045388ef4125271c44ddbecf0251f227b5328d3e176c173aca1","12491494","1621785329","2021-05-23 15:55:29","0x2f6da54dc95f798b30a9a2a53df164eaf774913a","0x54cee0ef273d3d08ed120b0c561c0284a4c4490e","","691.19324422544934917","0","1870230.68022522","0.003507","9.4892406","2098.57","","","Transfer",""
"0xef38f743d879f5f56c7051c5d04eff9d3888c941a2008b6d166668ab382b452e","12491850","1621789736","2021-05-23 17:08:56","0x4397721f87b9e08ccc491fcad58d549783139d84","0x54cee0ef273d3d08ed120b0c561c0284a4c4490e","","1400","0","3788120","0.012159","32.8998222","2098.57","","","Transfer",""
"0x9de2d39829369d8450f63868ccfb88a91250b8e826a4e13732d057c09d00c193","12491850","1621789736","2021-05-23 17:08:56","0x4140d42fcc7c79b3aa6f97b980191fede0c2e838","0x54cee0ef273d3d08ed120b0c561c0284a4c4490e","","1400","0","3788120","0.012159","32.8998222","2098.57","","","Transfer",""
"0x97fd9936e532038083a64d0044a8c56e49611dc535a1746803c0caabdd8ebd2d","12491850","1621789736","2021-05-23 17:08:56","0x06e7a071651ed5b70316a193842595bbf181edec","0x54cee0ef273d3d08ed120b0c561c0284a4c4490e","","1295.995734453660473589","0","3506705.25828471","0.012159","32.8998222","2098.57","","","Transfer",""
"0xea8503f099d4250b19c70431688854f75554caa0cdbc14f17c5126437e526eaa","12491850","1621789736","2021-05-23 17:08:56","0xe7208fab32bf48071411db4d87795e40d5874ed6","0x54cee0ef273d3d08ed120b0c561c0284a4c4490e","","1400","0","3788120","0.012159","32.8998222","2098.57","","","Transfer",""
"0x58b3bdfd0af6087bc4db00361f083b11ca397c0af4fc66623cc492ace99432d7","12491850","1621789736","2021-05-23 17:08:56","0x7129ee51a89e64c61f962441cab22e9c2a957b7e","0x54cee0ef273d3d08ed120b0c561c0284a4c4490e","","1400","0","3788120","0.012159","32.8998222","2098.57","","","Transfer",""
"0x478494b95e8a66db4692bffba47ef4f521a40061bd6e5875b9561eb3e9d5099e","12491913","1621790712","2021-05-23 17:25:12","0x7d2ad33421d213dca7d9ef27d9d4e502a87fa729","0x54cee0ef273d3d08ed120b0c561c0284a4c4490e","","1400","0","3788120","0.012159","32.8998222","2098.57","","","Transfer",""
"0xb354e473c97c47d8cf61a64ca2986e15bc792aff3ae6cf724e0d018c6a2ada99","12491913","1621790712","2021-05-23 17:25:12","0x674d59c7f20efa5fdb54855412c77ad81fbc595b","0x54cee0ef273d3d08ed120b0c561c0284a4c4490e","","960.563981856861622199","0","2599094.0221083","0.012159","32.8998222","2098.57","","","Transfer",""
"0x3c272e001c671103a073c30b76797ec63b8a9963a41e7ff51f521bef0cac423d","12491913","1621790712","2021-05-23 17:25:12","0x310b654e882d4949eac915dd9eed619892413785","0x54cee0ef273d3d08ed120b0c561c0284a4c4490e","","1400","0","3788120","0.012159","32.8998222","2098.57","","","Transfer",""
"0x1edc004e309008cf3099d9ca3208117de4da83ce86c658ec197fcbdb59d7a309","12491913","1621790712","2021-05-23 17:25:12","0xe8f3aed5f7c0fb5de0625c5ea56c84372e6d58a1","0x54cee0ef273d3d08ed120b0c561c0284a4c4490e","","1400","0","3788120","0.012159","32.8998222","2098.57","","","Transfer",""
"0x69cce45544ca5ffe04a34cb912808f84e1160b46613edd5827f5295775636615","12492004","1621792120","2021-05-23 17:48:40","0xd41ed60f124a3c622239be5f1408a53d2f059b13","0x54cee0ef273d3d08ed120b0c561c0284a4c4490e","","1400","0","3788120","0.009702","26.2516716","2098.57","","","Transfer",""
"0xf443a82f44feef8e9f255321edab6475bd517988187fd1f6209d315be316af72","12492004","1621792120","2021-05-23 17:48:40","0x2a5b432e4060c1fa2e262a7c4f98c3324df15a78","0x54cee0ef273d3d08ed120b0c561c0284a4c4490e","","523.796407540713504495","0","1417288.31952366","0.009702","26.2516716","2098.57","","","Transfer",""
"0xe54e57759d53ea0714ba8eab464c94b3b787f7e09165d311f685a44d71a98a71","12492070","1621792919","2021-05-23 18:01:59","0x86941d39a21d7f2d509ed28517a50f7d84b8ec64","0x54cee0ef273d3d08ed120b0c561c0284a4c4490e","","1400","0","3788120","0.006741","18.2397978","2098.57","","","Transfer",""
"0xb29307087509cf566c599676672974a4e062c83a793ed63a9324e7828ab55eeb","12492070","1621792919","2021-05-23 18:01:59","0x625e6fd4bb91de86776f3a71d118d6af91cef97b","0x54cee0ef273d3d08ed120b0c561c0284a4c4490e","","868.603733018773297829","0","2350267.9808022","0.006741","18.2397978","2098.57","","","Transfer",""
"0x42af6925ae8ce97572d5344757342270a8bcf7984a5a8b30587ae6dd8c039cbc","12492070","1621792919","2021-05-23 18:01:59","0x419c15f74fd5dbe7d7251caa1c37dc391d92e894","0x54cee0ef273d3d08ed120b0c561c0284a4c4490e","","1400","0","3788120","0.006741","18.2397978","2098.57","","","Transfer",""
"0x241c00fdfe469df55903cfedc09d320eba86c4cdf1dcb15b31933ae8f7a2f3fa","12492128","1621793568","2021-05-23 18:12:48","0x39adf8af0fb939c782c1e3d57bfd12f55cfb7ee7","0x54cee0ef273d3d08ed120b0c561c0284a4c4490e","","1400","0","3788120","0.005145","13.921341","2098.57","","","Transfer",""
"0x56e34e25fee0659fb62444f95ae456049032bc977be541e8e947f7922a50e595","12492128","1621793568","2021-05-23 18:12:48","0x2ac52aaca0bd123ace619febf9c8b2958142e3ff","0x54cee0ef273d3d08ed120b0c561c0284a4c4490e","","727.739945291952189548","0","1969118.74397096","0.005145","13.921341","2098.57","","","Transfer",""
"0x08f38592800aaf67ff605ae004fb640f7c763f7836c3585730a299043883d259","12492128","1621793568","2021-05-23 18:12:48","0xe2249848567d1025a0ec133616fcf758ddaa51c4","0x54cee0ef273d3d08ed120b0c561c0284a4c4490e","","1400","0","3788120","0.005145","13.921341","2098.57","","","Transfer",""
"0x326518f1739779e4a519f333ce84d43bcca446be91230abb1d73e1fe4506f7c2","12492349","1621796518","2021-05-23 19:01:58","0x438c4d40a6a4e94184ba1762b6715bbb56f93fb8","0x54cee0ef273d3d08ed120b0c561c0284a4c4490e","","349.611531462465490986","0","945978.881831139","0.003171","8.5800918","2098.57","","","Transfer",""
"0x2198055a6abb032175caa2d11601a102066d230e039eb3a86a1eadd17e8ca432","12492349","1621796518","2021-05-23 19:01:58","0x3af2564c79e3871d720a6556dee3f7a1600d8bd6","0x54cee0ef273d3d08ed120b0c561c0284a4c4490e","","1400","0","3788120","0.003171","8.5800918","2098.57","","","Transfer",""
"0xad52aa5a70c64881570360ddec63d08c8087906e89a690cd31134423d01913f9","12492704","1621801569","2021-05-23 20:26:09","0x61be83f583946bb3fa876d058b64b2f82314b5b5","0x54cee0ef273d3d08ed120b0c561c0284a4c4490e","","1035.792331980623208249","0","2802646.89187317","0.003318","8.9778444","2098.57","","","Transfer",""
"0x361dfedbeb8431240c66ec2f29bf3466275f9ffaf771bd627489bc6cd66cbaef","12492704","1621801569","2021-05-23 20:26:09","0x0050fe32e3226842df08848ee7c63eafcb317e60","0x54cee0ef273d3d08ed120b0c561c0284a4c4490e","","1400","0","3788120","0.003318","8.9778444","2098.57","","","Transfer",""
"0x1a9834a414242bb6f9c62d441184d2835d48dc6ff45914d6cccf090881a114b5","13424388","1634324535","2021-10-15 19:02:15","0xeb2629a2734e272bcc07bda959863f316f4bd4cf","0x54cee0ef273d3d08ed120b0c561c0284a4c4490e","","310.260240155056787672","0","839502.157811553","0.002993872548366","8.10082034136872","3868.16","","","Transfer",""
"0xe211bd7957b31b6c9d0b08b421b6809f80c67d290b0daa52356efdb68edbd7a8","13424388","1634324535","2021-10-15 19:02:15","0xeb2629a2734e272bcc07bda959863f316f4bd4cf","0x54cee0ef273d3d08ed120b0c561c0284a4c4490e","","310.260240155056787672","0","839502.157811553","0.002993872548366","8.10082034136872","3868.16","","","Transfer",""
"0xed0ca7fafebaabd62f2363478ce81924c8c20b4d0bcbfe2702473d14d4f34b9f","13424388","1634324535","2021-10-15 19:02:15","0x3cd751e6b0078be393132286c442345e5dc49699","0x54cee0ef273d3d08ed120b0c561c0284a4c4490e","","310.260240155056787672","0","839502.157811553","0.002993872548366","8.10082034136872","3868.16","","","Transfer",""
"0x7bfdf9ad995f351111f4861bc54163b2d5fc19487c39f478781921db2eff9ada","13424388","1634324535","2021-10-15 19:02:15","0x3cd751e6b0078be393132286c442345e5dc49699","0x54cee0ef273d3d08ed120b0c561c0284a4c4490e","","310.260240155056787672","0","839502.157811553","0.002993872548366","8.10082034136872","3868.16","","","Transfer",""
"0x3f2ea3f546082dd94b75280c8831e8058a87d9be7969c16029cd4d85b49ca5d0","13424421","1634324930","2021-10-15 19:08:50","0xb5d85cbf7cb3ee0d56b3bb207d5fc4b82f43f511","0x54cee0ef273d3d08ed120b0c561c0284a4c4490e","","310.260240155056787672","0","839502.157811553","0.004385675431557","11.8667605827069","3868.16","","","Transfer",""
"0xe4fa6687e0ca2a30286fac7839d60f9df9efdc2ccc113cc4f4c4184565723a42","13424421","1634324930","2021-10-15 19:08:50","0xb5d85cbf7cb3ee0d56b3bb207d5fc4b82f43f511","0x54cee0ef273d3d08ed120b0c561c0284a4c4490e","","308.202564499075883441","0","833934.4990216","0.004385675431557","11.8667605827069","3868.16","","","Transfer",""
"0xafaf5ede6022849aa464923da598e6eb374849ff0e532cbef08ac3689d6ac16a","13455796","1634749074","2021-10-20 16:57:54","0xddfabcdc4d8ffc6d5beaf154f18b778f892a0740","0x54cee0ef273d3d08ed120b0c561c0284a4c4490e","","301.746516147974203979","0","816465.723393189","0.002331734865978","6.30920820036327","4162.49","","","Transfer",""
"0x4c111e388b5e594c1ada8f6f5c2f9f37c96aeb1ac8704e72bbcd24ef9460bda0","13455796","1634749074","2021-10-20 16:57:54","0xddfabcdc4d8ffc6d5beaf154f18b778f892a0740","0x54cee0ef273d3d08ed120b0c561c0284a4c4490e","","301.746516147974203979","0","816465.723393189","0.002331734865978","6.30920820036327","4162.49","","","Transfer",""
"0x47c78c63fcb9399db8519dde02ec390c66eb73cc0fb7ebd17adce043569d12f5","13455796","1634749074","2021-10-20 16:57:54","0xb5d85cbf7cb3ee0d56b3bb207d5fc4b82f43f511","0x54cee0ef273d3d08ed120b0c561c0284a4c4490e","","192.217840695128365957","0","520103.033352878","0.002331734865978","6.30920820036327","4162.49","","","Transfer",""
"0x9757dd5d70ebb92b6091aa482923f027adc0b55873d6874c08cc9afdb427c74c","13456103","1634753124","2021-10-20 18:05:24","0x3cd751e6b0078be393132286c442345e5dc49699","0x54cee0ef273d3d08ed120b0c561c0284a4c4490e","","251.465209175929098284","0","680414.562988229","0.001847245200024","4.99827606222494","4162.49","","","Transfer",""
"0xaf15db6426ba61e8d308a8766f24a6054bf852b40a200dcedf152f29206245c8","13456103","1634753124","2021-10-20 18:05:24","0xb5d85cbf7cb3ee0d56b3bb207d5fc4b82f43f511","0x54cee0ef273d3d08ed120b0c561c0284a4c4490e","","300.535262256488741746","0","813188.312613607","0.001847245200024","4.99827606222494","4162.49","","","Transfer",""
"0x428776d765076c39eef922895c8fba4fb12c01282d2d0521dfba5ce7ee298ea0","13456104","1634753125","2021-10-20 18:05:25","0xddfabcdc4d8ffc6d5beaf154f18b778f892a0740","0x54cee0ef273d3d08ed120b0c561c0284a4c4490e","","300.535262256488741746","0","813188.312613607","0.001663340899626","4.50066780620803","4162.49","","","Transfer",""
"0xb91167203197ed8d55a19587c95b3b93e67bd4fc3fcfbf7d061e5d9edc615f61","13456262","1634755150","2021-10-20 18:39:10","0x3cd751e6b0078be393132286c442345e5dc49699","0x54cee0ef273d3d08ed120b0c561c0284a4c4490e","","299.894575467592084054","0","811454.742300211","0.001940592719982","5.2508557817273","4162.49","","","Transfer",""
"0x4ae7980ecf8dbf8268d1bad448eaa6e38897fc1cbe6adf1ccb790b55672ee3f8","13456262","1634755150","2021-10-20 18:39:10","0xddfabcdc4d8ffc6d5beaf154f18b778f892a0740","0x54cee0ef273d3d08ed120b0c561c0284a4c4490e","","171.270146096481549254","0","463422.76130786","0.001940592719982","5.2508557817273","4162.49","","","Transfer",""
"0x55e142598909ac1e68e949bba734d7b0f99c7a010fd58065b2fbe6d99860d6b2","13908470","1640891313","2021-12-30 19:08:33","0xb5d85cbf7cb3ee0d56b3bb207d5fc4b82f43f511","0x54cee0ef273d3d08ed120b0c561c0284a4c4490e","","317.067051510954066619","0","857920.02797834","0.002324298631368","6.28908723675553","3710.08","","","Transfer",""
"0x28278f1e120375c6aa624422cb1a913898ed1e0b77806287e6b2e3526df8f9fd","13908470","1640891313","2021-12-30 19:08:33","0xb5d85cbf7cb3ee0d56b3bb207d5fc4b82f43f511","0x54cee0ef273d3d08ed120b0c561c0284a4c4490e","","317.067051510954066619","0","857920.02797834","0.002324298631368","6.28908723675553","3710.08","","","Transfer",""
"0x7ca5c27b48a1c50d9b1c34b93abc291735332939b843f0cfd02f22d2f5c4de5e","13908470","1640891313","2021-12-30 19:08:33","0xb5d85cbf7cb3ee0d56b3bb207d5fc4b82f43f511","0x54cee0ef273d3d08ed120b0c561c0284a4c4490e","","317.067051510954066619","0","857920.02797834","0.002324298631368","6.28908723675553","3710.08","","","Transfer",""
"0x34a8da3cf00f928e27a235fb4506368d19e06a42e36041ef35a32a05f148e15a","13908470","1640891313","2021-12-30 19:08:33","0xb5d85cbf7cb3ee0d56b3bb207d5fc4b82f43f511","0x54cee0ef273d3d08ed120b0c561c0284a4c4490e","","317.067051510954066619","0","857920.02797834","0.002324298631368","6.28908723675553","3710.08","","","Transfer",""
"0x400e0d4fbbbcdd6dc1e53a538b45753996af7aa73585645a9191568bd64d1b46","13908470","1640891313","2021-12-30 19:08:33","0xb5d85cbf7cb3ee0d56b3bb207d5fc4b82f43f511","0x54cee0ef273d3d08ed120b0c561c0284a4c4490e","","317.067051510954066619","0","857920.02797834","0.002324298631368","6.28908723675553","3710.08","","","Transfer",""
"0xbf9976da742166fed965790007ab63fa9d596f39b542197dcdfc18e44cce06c5","13908470","1640891313","2021-12-30 19:08:33","0xb5d85cbf7cb3ee0d56b3bb207d5fc4b82f43f511","0x54cee0ef273d3d08ed120b0c561c0284a4c4490e","","317.067051510954066619","0","857920.02797834","0.002324298631368","6.28908723675553","3710.08","","","Transfer",""
"0x4b28c43242596a5e4cf27bdcc50bc0cb0af2cefefb4034f0ab161389ba0fda47","13908470","1640891313","2021-12-30 19:08:33","0xb5d85cbf7cb3ee0d56b3bb207d5fc4b82f43f511","0x54cee0ef273d3d08ed120b0c561c0284a4c4490e","","317.067051510954066619","0","857920.02797834","0.002324298631368","6.28908723675553","3710.08","","","Transfer",""
"0xbadf3da08ed506eb9ceac5214a16a95b9c2ae2dbc304239da0714589b64be7aa","13908470","1640891313","2021-12-30 19:08:33","0xb5d85cbf7cb3ee0d56b3bb207d5fc4b82f43f511","0x54cee0ef273d3d08ed120b0c561c0284a4c4490e","","317.067051510954066619","0","857920.02797834","0.002324298631368","6.28908723675553","3710.08","","","Transfer",""
"0x60d70e87562c7b9155312d6af6a65b4d886a3b307236b9045d66e958dad96c66","13908471","1640891317","2021-12-30 19:08:37","0xb5d85cbf7cb3ee0d56b3bb207d5fc4b82f43f511","0x54cee0ef273d3d08ed120b0c561c0284a4c4490e","","263.82469356285584681","0","713856.855842375","0.002104195992297","5.69353351595722","3710.08","","","Transfer",""
"0xf8229a882563852a4c5b176f2804e40266613b68bc6b7737c84529b10e5d9a42","13908471","1640891317","2021-12-30 19:08:37","0xb5d85cbf7cb3ee0d56b3bb207d5fc4b82f43f511","0x54cee0ef273d3d08ed120b0c561c0284a4c4490e","","317.067051510954066619","0","857920.02797834","0.002104195992297","5.69353351595722","3710.08","","","Transfer",""
"0xf1a2084e970077afd7a0bc2b21600c58bc690f677c9f3746b24298b3f0275a8f","13908471","1640891317","2021-12-30 19:08:37","0xb5d85cbf7cb3ee0d56b3bb207d5fc4b82f43f511","0x54cee0ef273d3d08ed120b0c561c0284a4c4490e","","317.067051510954066619","0","857920.02797834","0.002104195992297","5.69353351595722","3710.08","","","Transfer",""
