"Txhash","Blockno","UnixTimestamp","DateTime","From","To","ContractAddress","Value_IN(ETH)","Value_OUT(ETH)","CurrentValue @ $2732.74/Eth","TxnFee(ETH)","TxnFee(USD)","Historical $Price/Eth","Status","ErrCode","Method"
"0xc9e5d2898720a77e61284e1fb1049ea4f1c9885a7e5ad97fbfada60d8ffd5da4","5664555","1527101184","2018-05-23 18:46:24","0x3b3b5ec1c839d8f479123bb5710aec3be5dd17f0","0xd1dc670608c00e8e6378062b48ef5911b068ae3d","","5.9","0","16123.166","0.001302","3.55802748","577.01","","","Transfer",""
"0x9022e9be3e62612e44f0ff802468ea9ea99e1d9c9042035e22c7ff7c9e801406","5664570","1527101486","2018-05-23 18:51:26","0x3b3b5ec1c839d8f479123bb5710aec3be5dd17f0","0xd1dc670608c00e8e6378062b48ef5911b068ae3d","","0.097170628","0","265.54206196072","0.000966","2.63982684","577.01","","","Transfer",""
"0x377ace3c7fabf30159308dc13a1fae054dd71e73e2b037f2f979375bb5b74090","5664592","1527101856","2018-05-23 18:57:36","0x37a7242572a94f74761b07d08eab267f9e91d91b","0xd1dc670608c00e8e6378062b48ef5911b068ae3d","","0.1192182940000001","0","325.79260074556","0.000966","2.63982684","577.01","","","Transfer",""
"0x15c6148a7c1a41d1d0cb890f91a82a077b7306866a658fbc414503ce3048f2c4","5664714","1527103921","2018-05-23 19:32:01","0x327cb0abd917ab3e274cd16b56a1fdb940c9d65c","0xd1dc670608c00e8e6378062b48ef5911b068ae3d","","15.2","0","41537.648","0.002079","5.68136646","577.01","","","Transfer",""
"0x76a9b48fb23fa5b232cb1c8cbaecca8f717d28ddcd6c8062de3f767bf6741202","5664718","1527104014","2018-05-23 19:33:34","0x327cb0abd917ab3e274cd16b56a1fdb940c9d65c","0xd1dc670608c00e8e6378062b48ef5911b068ae3d","","0.087740326969724704","0","239.771501123245","0.002079","5.68136646","577.01","","","Transfer",""
"0x4639a80bc6502af4f51e408f1153db052f8d123d37149b5fb651cf87bb4fee4d","5665482","1527115380","2018-05-23 22:43:00","0xb6cd90cf0aa824beb4fa7a8a07ee62d6d3914690","0xd1dc670608c00e8e6378062b48ef5911b068ae3d","","0.201225976","0","549.89827365424","0.000798","2.18072652","577.01","","","Transfer",""
"0xfbdee16ab4910a6efbcf82538e7ab75cad51948b6ed5953eae4778f6e4ecdf74","5665747","1527119244","2018-05-23 23:47:24","0xc633c6bf630bd68b1ac1ad563b893afb96334cf2","0xd1dc670608c00e8e6378062b48ef5911b068ae3d","","0.023923044","0","65.37545926056","0.000861","2.35288914","577.01","","","Transfer",""
"0xa20d45c5304c2b48d251facc74223a707a984f1adc121e3549165f0354dc041b","5666408","1527129365","2018-05-24 02:36:05","0x1f1794dfe7f75329e2704a5243bac866786119e4","0xd1dc670608c00e8e6378062b48ef5911b068ae3d","","0.16341299989573736","0","446.565241335077","0.000819","2.23811406","602.59","","","Transfer",""
"0xca4a0c9de59511fa41ba7375dd06d5ad9f8a143c78bb350f62ab7a8dfa53b1fe","5670658","1527195703","2018-05-24 21:01:43","0x3c9d22a39a6546c85fec72b709daada3e3e56ea2","0xd1dc670608c00e8e6378062b48ef5911b068ae3d","","15.745362543","0","43027.9820357578","0.002079","5.68136646","602.59","","","Transfer",""
"0xdbf052405643dfc7906fcc4b3e69be2664da9cf851931bda7e133913459dfb42","5671120","1527202495","2018-05-24 22:54:55","0xd1dc670608c00e8e6378062b48ef5911b068ae3d","0x1264b4f8e0ad98c8a759a52062afae5738df4ff4","","0","0.415","1134.0871","0.001512","4.13190288","602.59","","","Transfer",""
"0x3ab9d27f9c95238bf3d32d70c0f3908d9fb1d5ea61046e21b87c1795faccac2b","5671692","1527210944","2018-05-25 01:15:44","0x23388f9645ddb304b0db694b6ae4689c7cee196a","0xd1dc670608c00e8e6378062b48ef5911b068ae3d","","0.748107969","0","2044.38457120506","0.001512","4.13190288","584.77","","","Transfer",""
"0x8b5d0ccd06f29fb9c8b1a6a93d3662760f8ac739bca30ff753641de1e8dcc7ea","5671813","1527212685","2018-05-25 01:44:45","0xd1dc670608c00e8e6378062b48ef5911b068ae3d","0x1264b4f8e0ad98c8a759a52062afae5738df4ff4","","0","1.88","5137.5512","0.001512","4.13190288","584.77","","","Transfer",""
"0xa6b40d10d01d396cf8c854ba55c9228c9e8f423734928408b1cf531bd421be8f","5671951","1527214707","2018-05-25 02:18:27","0x5328663f7acab432f54d7406397d4afb1727d17b","0xd1dc670608c00e8e6378062b48ef5911b068ae3d","","77.961270244","0","213047.881646589","0.002079","5.68136646","584.77","","","Transfer",""
"0x6d5c41cf67fc7161d40d4d559b3ad04a980a35aed940510889a9ba9c9aff2d9d","5672652","1527225683","2018-05-25 05:21:23","0xbe45c52566af3325ce2f31b90b456e8affdfd154","0xd1dc670608c00e8e6378062b48ef5911b068ae3d","","2","0","5465.48","0.002079","5.68136646","584.77","","","Transfer",""
"0xc6c54e0ffa4f8fb71348b4d116417ff35a7ceb3f696f6aa9bf89472c8d558872","5673146","1527233344","2018-05-25 07:29:04","0xd1dc670608c00e8e6378062b48ef5911b068ae3d","0xbe45c52566af3325ce2f31b90b456e8affdfd154","","0","0.05","136.637","0.002079","5.68136646","584.77","","","Transfer",""
"0xd0073b76fc413123c4c90f6fba577053aa4f6da3799f8906fad67a7ef12c170a","5673209","1527234305","2018-05-25 07:45:05","0x68ecc59100166a0d59092e397c26738304bbba71","0xd1dc670608c00e8e6378062b48ef5911b068ae3d","","0.88","0","2404.8112","0.001071","2.92676454","584.77","","","Transfer",""
"0x464bb8c829145939ce1cd591b1a29cc2ef13ddbb27939dae8285496b2b3fa243","5680573","1527346395","2018-05-26 14:53:15","0x6d3f36478de0a23e323a26dbedfea4aee3f3b7b0","0xd1dc670608c00e8e6378062b48ef5911b068ae3d","","14","0","38258.36","0.002079","5.68136646","585.76","","","Transfer",""
"0xb84e8bca2f42a3ec5dffec1c8db336cc834da4eec07f8bdf75f28423bdc6b725","5705636","1527729631","2018-05-31 01:20:31","0xd1dc670608c00e8e6378062b48ef5911b068ae3d","0x86fa049857e0209aa7d9e616f7eb3b3b78ecfdb0","","0","0","0","0.002624621","7.17240679154","577.23","","","Transfer",""
"0x508ee84b440fa64e26a564f455788f97b6c748f3b6f8cf20866032399f1a254f","5705665","1527730004","2018-05-31 01:26:44","0xd1dc670608c00e8e6378062b48ef5911b068ae3d","0x86fa049857e0209aa7d9e616f7eb3b3b78ecfdb0","","0","0","0","0.001925637","5.26226525538","577.23","","","Transfer",""
"0x6c90e80a5adefbc591a41fbf9d3dcb70d9bdefd200f04440d610e483b13947bd","5715693","1527884346","2018-06-01 20:19:06","0xd1dc670608c00e8e6378062b48ef5911b068ae3d","0x7e9e431a0b8c4d532c745b1043c7fa29a48d4fba","","0","0","0","0.000714549","1.95267663426","579.01","","","Transfer",""
"0x1f2f016985675d876ef02595e914353e25a0a23af95f6e127a0be0ec451376dd","5787054","1528974091","2018-06-14 11:01:31","0xd1dc670608c00e8e6378062b48ef5911b068ae3d","0x30fe6d8397da6b2b3f321f48853dc12bc1a30c4d","","0","40","109309.6","0.001029","2.81198946","519.83","","","Transfer",""
"0x97d00221eaf4e1bca3e9d1f401acdbd41350f2b116e8577385d7d81d9b4b89ae","5787073","1528974467","2018-06-14 11:07:47","0xd1dc670608c00e8e6378062b48ef5911b068ae3d","0x70196efcb39d6521b448eca128063b729e44dc4d","","0","90","245946.6","0.001029","2.81198946","519.83","","","Transfer",""
"0xf2591c312e4a48a6993476e818cb1fa425327fde7f08e623039d8ea63a758427","6459107","1538758629","2018-10-05 16:57:09","0xd1dc670608c00e8e6378062b48ef5911b068ae3d","0xd850942ef8811f2a866692a623011bde52a462c1","","0","0","0","0.001012987","2.76823009438","227.90","","","Transfer",""
"0x69f923ccb3560df8144d5908c443aa9bd34cde06aca4382800c2ee62bef1c6d1","6459116","1538758827","2018-10-05 17:00:27","0xd1dc670608c00e8e6378062b48ef5911b068ae3d","0xd26114cd6ee289accf82350c8d8487fedb8a0c07","","0","0","0","0.000911102","2.48980487948","227.90","","","Transfer",""
"0x41481744199a4984387c885664831e496f7c37f4b014f7c3a069ef77e6682af0","6459137","1538759091","2018-10-05 17:04:51","0xd1dc670608c00e8e6378062b48ef5911b068ae3d","0x4156d3342d5c385a87d264f90653733592000581","","0","0","0","0.000882402","2.41137524148","227.90","","","Transfer",""
"0xaa20eb2eae3a3c0adc5b2e6eca0c986211f2f261a26b6a2f348aa9e806b1efa0","6459142","1538759165","2018-10-05 17:06:05","0xd1dc670608c00e8e6378062b48ef5911b068ae3d","0x41e5560054824ea6b0732e656e3ad64e20e94e45","","0","0","0","0.000892939","2.44017012286","227.90","","","Transfer",""
"0x1959e8b51424de23b4ebb0549614e5ca001fe40d3bde7ec8927fce894422fbc1","8713604","1570704366","2019-10-10 10:46:06","0xd1dc670608c00e8e6378062b48ef5911b068ae3d","0x6418f05b749073c0bd4da461c91adc1b86476b77","","0","0.5","1366.37","0.000861","2.35288914","191.73","","","Transfer",""
"0x4031d9d3ee6befe97eb77d187542413d771188f81c3b5735d53f53dfa4ffc06f","8713616","1570704472","2019-10-10 10:47:52","0xd1dc670608c00e8e6378062b48ef5911b068ae3d","0xe814aee960a85208c3db542c53e7d4a6c8d5f60f","","0","0","0","0.001665461","4.55127189314","191.73","","","Transfer",""
"0xfd3757b75885201f4fa3ac772be1f56e025c2a771e8c117f1f972342f40295a2","8713677","1570705242","2019-10-10 11:00:42","0xd1dc670608c00e8e6378062b48ef5911b068ae3d","0x0d8775f648430679a709e98d2b0cb6250d2887ef","","0","0","0","0.001513556","4.13615502344","191.73","","","Transfer",""
"0xe42d5363d2c6c1d3023dab5052d74c4c79419ce13c6e744a1e59680afb40e301","8713699","1570705456","2019-10-10 11:04:16","0xd1dc670608c00e8e6378062b48ef5911b068ae3d","0x1c83501478f1320977047008496dacbd60bb15ef","","0","0","0","0.001693382","4.62757272668","191.73","","","Transfer",""
"0x51dfd72c2e2cd25278e1a244023a5054f395243b746f6f143557368cb7968ba4","8713787","1570706691","2019-10-10 11:24:51","0xd1dc670608c00e8e6378062b48ef5911b068ae3d","0xdf6ef343350780bf8c3410bf062e0c015b1dd671","","0","0","0","0.004471911","12.22057006614","191.73","","","Transfer",""
"0xd9f31ca2a2301a2cdf87a088dff95aa8c396a2613c6bae2790cd1d842815f4e6","8713850","1570707652","2019-10-10 11:40:52","0xd1dc670608c00e8e6378062b48ef5911b068ae3d","0x12b306fa98f4cbb8d4457fdff3a0a0a56f07ccdf","","0","0","0","0.004269043","11.66618456782","191.73","","","Transfer",""
"0x2ff03568aa9c7a719a6d6ef058be3d01e3d8c507aaeb6529877842e88c07348e","8714754","1570719771","2019-10-10 15:02:51","0xd1dc670608c00e8e6378062b48ef5911b068ae3d","0x5136c98a80811c3f46bdda8b5c4555cfd9f812f0","","0","0","0","0.001585839","4.33368566886","191.73","","","Transfer",""
"0x8ab96cdec65a1af5f601da2db4bf1846eeadeb01188852d44ea9a5b7b35f7408","8714846","1570721093","2019-10-10 15:24:53","0xd1dc670608c00e8e6378062b48ef5911b068ae3d","0x960b236a07cf122663c4303350609a66a7b288c0","","0","0","0","0.004364409","11.92679505066","191.73","","","Transfer",""
"0x7ad4fc5d2bfc012c5c57aee49a2ef64765141dd9e58c53e652c2d8070b8fbec4","8714922","1570722192","2019-10-10 15:43:12","0xd1dc670608c00e8e6378062b48ef5911b068ae3d","0x1985365e9f78359a9b6ad760e32412f4a445e862","","0","0","0","0.00049491","1.3524603534","191.73","","","Approve",""
"0x2de665941d8c2c831a0c17e6f170e608cbc1b977a19ab3600df1939d059f737f","8714922","1570722192","2019-10-10 15:43:12","0xd1dc670608c00e8e6378062b48ef5911b068ae3d","0x818e6fecd516ecc3849daf6845e3ec868087b755","","0","0","0","0.00290878","7.9489394572","191.73","","","Trade With Hint",""
"0xf901b176f2b214683825b5c9b984b6cf3fe4b6bf83c1a08e663de30128c79c1a","8714925","1570722210","2019-10-10 15:43:30","0xd1dc670608c00e8e6378062b48ef5911b068ae3d","0x6810e776880c02933d47db1b9fc05908e5386b96","","0","0","0","0.0004519","1.234925206","191.73","","","Approve",""
"0x5cc5f23d51cae0565215966daa508b1a1a7be3a57299b9522df1df125a18d5bc","8714925","1570722210","2019-10-10 15:43:30","0xd1dc670608c00e8e6378062b48ef5911b068ae3d","0x818e6fecd516ecc3849daf6845e3ec868087b755","","0","0","0","0.00268284","7.3315041816","191.73","","","Trade With Hint",""
"0xb5baf6b5d3b8027ba373c46965d8c70a89ac16d3fb006ac4ae929bb94c8bdf52","8714934","1570722384","2019-10-10 15:46:24","0xd1dc670608c00e8e6378062b48ef5911b068ae3d","0x1a7a8bd9106f2b8d977e08582dc7d24c723ab0db","","0","0","0","0.00045735","1.249818639","191.73","","","Approve",""
"0x7db7d0a60d79924b65b686f63a77e10c4f0d2af66b063d7bf5f031b7ac5a337a","8714934","1570722384","2019-10-10 15:46:24","0xd1dc670608c00e8e6378062b48ef5911b068ae3d","0x818e6fecd516ecc3849daf6845e3ec868087b755","","0","0","0","0.00193448","5.2864308752","191.73","","","Trade With Hint",""
"0x0a9cbe30075768639b423b92b120ad7989fbda4dcff88f434d9a9b179a20496c","8714956","1570722620","2019-10-10 15:50:20","0xd1dc670608c00e8e6378062b48ef5911b068ae3d","0x9992ec3cf6a55b00978cddf2b27bc6882d88d1ec","","0","0","0","0.00045227","1.2359363198","191.73","","","Approve",""
"0xff7f4b4b7160c9d9a16123c42e09cda90e47cba29181ee5d1422b23602163b5b","8714956","1570722620","2019-10-10 15:50:20","0xd1dc670608c00e8e6378062b48ef5911b068ae3d","0x818e6fecd516ecc3849daf6845e3ec868087b755","","0","0","0","0.0019372","5.293863928","191.73","","","Trade With Hint",""
"0xa819cb6ef8b00dd0dedcae55534e526898e02145d3d20137b2a552357191bcc9","8715136","1570724942","2019-10-10 16:29:02","0xd1dc670608c00e8e6378062b48ef5911b068ae3d","0x6418f05b749073c0bd4da461c91adc1b86476b77","","0","0.77","2104.2098","0.000861","2.35288914","191.73","","","Transfer",""
"0x33de69828625e58ca5369b33e009cda3c8c99a8d7f6c6d58008be4869fc0730b","13397996","1633964736","2021-10-11 15:05:36","0xd1dc670608c00e8e6378062b48ef5911b068ae3d","0x467bccd9d29f223bce8043b84e8c8b282827790f","","0","0","0","0.004437558128039956","12.1266925988199","3544.14","","","Approve",""
"0x22520f3bd7f56de612dc4c95a0344696632661137ce308769385b4e619d57959","13398010","1633964922","2021-10-11 15:08:42","0xd1dc670608c00e8e6378062b48ef5911b068ae3d","0xe592427a0aece92de3edee1f18e0157c05861564","","0","0","0","0.012238432384378944","33.4444537140877","3544.14","","","0x414bf389",""
"0xb770e15f3176cc7f3189f3b29e812a0a7dcc2b655eeb464e65a9cfbe811e7966","13398182","1633967282","2021-10-11 15:48:02","0x0ca2746f0ea73fc75c9709e08152a033d448cf80","0xd1dc670608c00e8e6378062b48ef5911b068ae3d","","0.0849184","0","232.059908416","0.002163","5.91091662","3544.14","","","Transfer",""
"0x54e78949802056c72888e89df43f890434b7d104cdd47687c28c0e6d548760ee","13398189","1633967396","2021-10-11 15:49:56","0xd1dc670608c00e8e6378062b48ef5911b068ae3d","0xc02aaa39b223fe8d0a0e5c4f27ead9083c756cc2","","0","0","0","0.003753289983659384","10.2567656699453","3544.14","","","Withdraw",""
"0x875f57e10e5a441f1f3bb20ec267b3c76cffcd8c4d1f401ca2047db6bab3e440","13398209","1633967559","2021-10-11 15:52:39","0xd1dc670608c00e8e6378062b48ef5911b068ae3d","0x72dd4b6bd852a3aa172be4d6c5a6dbec588cf131","","0","0","0","0.004822046710771374","13.1773999283934","3544.14","","","Approve",""
"0x1154b053bd98066b6ffe423ad6a27da8a13e8be6510200af55eca4c38b9e583d","13398213","1633967606","2021-10-11 15:53:26","0xd1dc670608c00e8e6378062b48ef5911b068ae3d","0x7a250d5630b4cf539739df2c5dacb4c659f2488d","","0","0","0","0.018851937264539743","51.5174430402983","3544.14","","","Swap Exact Tokens For ETH",""
"0x8018365794e9b3c4ab71399b7c720de003ce7251ca961bcc56b78eb2ae608bbf","13398396","1633970067","2021-10-11 16:34:27","0xd1dc670608c00e8e6378062b48ef5911b068ae3d","0xa1f82f24989a1c53c581a0057d5b570894c58ef4","","0","0.3","819.822","0.00261084594687","7.13476315284952","3544.14","","","Transfer",""
"0x613ac0adf77a766e884cf6bce9c080cd4d6dcef524231a716d6c6bba783378b7","13634088","1637167174","2021-11-17 16:39:34","0xd1dc670608c00e8e6378062b48ef5911b068ae3d","0xe5df8bbb5f1541753899d722bff0d06a43151762","","0","0.014063448981660209","38.4317495701421","0.004397338344147","12.0167823865843","4289.75","","","Transfer",""
"0xa2b78f6de5043480ddf4c0d8eb20e104e16f5222297db5d4d5956c4f78cd7937","14314173","1646313119","2022-03-03 13:11:59","0xa3f59ebc3bf8fa664ce12e2f841fe6556289f053","0xd1dc670608c00e8e6378062b48ef5911b068ae3d","","0.029563600970899169","0","80.789634917215","0.000761516429016","2.08102640622918","2833.71","","","Transfer",""
"0xced00a9ccf2f6020d5d6a3b765e9cf1b838182046239c3446b592785a0a6cf13","14314205","1646313409","2022-03-03 13:16:49","0xd1dc670608c00e8e6378062b48ef5911b068ae3d","0x6e8fb0d92702c713530d6874b6b3246bf8777770","","0","0.029879604649603169","81.6531908101566","0.000564780453153","1.54339813554933","2833.71","","","Transfer",""
