"0x4adf44961a7cbe8ee46b2bf04e7198e879677825","0x33566c9d8be6cf0b23795e0d380e112be9d75836","29548090"
"0xe4ddd72641014319529ed7cb8ef1b2304beeab2c","0x4adf44961a7cbe8ee46b2bf04e7198e879677825","26861898.8718002"
"0x72c9cc02df77d579a64affc1bc1cff969000f4b5","0x4adf44961a7cbe8ee46b2bf04e7198e879677825","918676.98"
"0x4adf44961a7cbe8ee46b2bf04e7198e879677825","0x33566c9d8be6cf0b23795e0d380e112be9d75836","27780576.98"
"0x0a8821f49876943ab6b16297a6250c0741664425","0x4adf44961a7cbe8ee46b2bf04e7198e879677825","1343.095"
"0x0a8821f49876943ab6b16297a6250c0741664425","0x4adf44961a7cbe8ee46b2bf04e7198e879677825","7754439.5682"
"0xaeaf4eaa48528f3357ee08ea9636b321f342bd54","0x4adf44961a7cbe8ee46b2bf04e7198e879677825","485099.0521"
"0xaad0e8f6558c93e9ff070f5490909c53451bd3d9","0x4adf44961a7cbe8ee46b2bf04e7198e879677825","342245.050329"
"0x0681d8db095565fe8a346fa0277bffde9c0edbbf","0x4adf44961a7cbe8ee46b2bf04e7198e879677825","107307.327265648"
"0x4adf44961a7cbe8ee46b2bf04e7198e879677825","0x33566c9d8be6cf0b23795e0d380e112be9d75836","12317124.9401703"
"0x33566c9d8be6cf0b23795e0d380e112be9d75836","0x4adf44961a7cbe8ee46b2bf04e7198e879677825","134.3095"
"0x4adf44961a7cbe8ee46b2bf04e7198e879677825","0xdac17f958d2ee523a2206206994597c13d831ec7","0"
"0x33566c9d8be6cf0b23795e0d380e112be9d75836","0x4adf44961a7cbe8ee46b2bf04e7198e879677825","24175710"
"0x4adf44961a7cbe8ee46b2bf04e7198e879677825","0xda42652703f62c42e06fd7b4a0068ddd52ca71db","134.3095"
"0x4adf44961a7cbe8ee46b2bf04e7198e879677825","0x46f34c24a7ba7a2ac6dd76c3f09b32d41c144d08","134.3095"
"0x4adf44961a7cbe8ee46b2bf04e7198e879677825","0xe04b199fcc818f483e57fc08a9fc301b4e7f370d","134.3095"
"0x4adf44961a7cbe8ee46b2bf04e7198e879677825","0x77ebfea29183de525cc56da84ff0f77a91dbcb2c","24173023.81"
"0x33566c9d8be6cf0b23795e0d380e112be9d75836","0x4adf44961a7cbe8ee46b2bf04e7198e879677825","26861900"
"0x33566c9d8be6cf0b23795e0d380e112be9d75836","0x4adf44961a7cbe8ee46b2bf04e7198e879677825","26861900"
"0x33566c9d8be6cf0b23795e0d380e112be9d75836","0x4adf44961a7cbe8ee46b2bf04e7198e879677825","34114613"
"0x4adf44961a7cbe8ee46b2bf04e7198e879677825","0xefef2dc436548e91bca243068e983e601d66346f","40292850"
"0x89956035462c443d3dd048f5fe9173982a44d591","0x4adf44961a7cbe8ee46b2bf04e7198e879677825","5372380"
"0xec08aefcd180743568c641a0dcc6839b3d54703d","0x4adf44961a7cbe8ee46b2bf04e7198e879677825","13430950"
"0x4adf44961a7cbe8ee46b2bf04e7198e879677825","0x33566c9d8be6cf0b23795e0d380e112be9d75836","13430950"
"0x4adf44961a7cbe8ee46b2bf04e7198e879677825","0x33566c9d8be6cf0b23795e0d380e112be9d75836","13430950"
"0x4adf44961a7cbe8ee46b2bf04e7198e879677825","0x33566c9d8be6cf0b23795e0d380e112be9d75836","13430950"
"0x4adf44961a7cbe8ee46b2bf04e7198e879677825","0x33566c9d8be6cf0b23795e0d380e112be9d75836","13430950"
"0x4adf44961a7cbe8ee46b2bf04e7198e879677825","0x33566c9d8be6cf0b23795e0d380e112be9d75836","13430950"
"0x4adf44961a7cbe8ee46b2bf04e7198e879677825","0x33566c9d8be6cf0b23795e0d380e112be9d75836","13430950"
"0x4adf44961a7cbe8ee46b2bf04e7198e879677825","0x33566c9d8be6cf0b23795e0d380e112be9d75836","6523576.27259"
"0x4adf44961a7cbe8ee46b2bf04e7198e879677825","0x33566c9d8be6cf0b23795e0d380e112be9d75836","10744760"
"0x30e4fe13311cf0e834a56ee945a324ed3129cc4c","0x4adf44961a7cbe8ee46b2bf04e7198e879677825","13430950"
"0x6b435f5d412712b22c690baa045e8d93f9ebfef7","0x4adf44961a7cbe8ee46b2bf04e7198e879677825","10744760"
"0xf2ab88998686459bebdb45bf76d368fcc63621bc","0x4adf44961a7cbe8ee46b2bf04e7198e879677825","11358903.6197"
"0x4adf44961a7cbe8ee46b2bf04e7198e879677825","0x33566c9d8be6cf0b23795e0d380e112be9d75836","14774045"
"0x4adf44961a7cbe8ee46b2bf04e7198e879677825","0x33566c9d8be6cf0b23795e0d380e112be9d75836","14774045"
"0x4adf44961a7cbe8ee46b2bf04e7198e879677825","0x33566c9d8be6cf0b23795e0d380e112be9d75836","16772570.36"
"0x4adf44961a7cbe8ee46b2bf04e7198e879677825","0xdac17f958d2ee523a2206206994597c13d831ec7","0"
"0x4adf44961a7cbe8ee46b2bf04e7198e879677825","0xda42652703f62c42e06fd7b4a0068ddd52ca71db","8.864427"
"0x4adf44961a7cbe8ee46b2bf04e7198e879677825","0xda42652703f62c42e06fd7b4a0068ddd52ca71db","402.9285"
"0x4adf44961a7cbe8ee46b2bf04e7198e879677825","0x780116d91e5592e58a3b3c76a351571b39abcec6","0"
"0x4adf44961a7cbe8ee46b2bf04e7198e879677825","0xa6446d655a0c34bc4f05042ee88170d056cbaf45","0"
"0x4adf44961a7cbe8ee46b2bf04e7198e879677825","0x780116d91e5592e58a3b3c76a351571b39abcec6","0"
"0x4adf44961a7cbe8ee46b2bf04e7198e879677825","0xa6446d655a0c34bc4f05042ee88170d056cbaf45","0"
"0x33566c9d8be6cf0b23795e0d380e112be9d75836","0x4adf44961a7cbe8ee46b2bf04e7198e879677825","24175710"
"0x33566c9d8be6cf0b23795e0d380e112be9d75836","0x4adf44961a7cbe8ee46b2bf04e7198e879677825","24175710"
"0x33566c9d8be6cf0b23795e0d380e112be9d75836","0x4adf44961a7cbe8ee46b2bf04e7198e879677825","40292850"
"0x33566c9d8be6cf0b23795e0d380e112be9d75836","0x4adf44961a7cbe8ee46b2bf04e7198e879677825","40292850"
"0x4adf44961a7cbe8ee46b2bf04e7198e879677825","0xc1d5fb05195cf76ee514c826fea31fc82e0db0b3","53.7238"
"0x4adf44961a7cbe8ee46b2bf04e7198e879677825","0xc1d5fb05195cf76ee514c826fea31fc82e0db0b3","64468560"
"0x33566c9d8be6cf0b23795e0d380e112be9d75836","0x4adf44961a7cbe8ee46b2bf04e7198e879677825","26861900"
"0x33566c9d8be6cf0b23795e0d380e112be9d75836","0x4adf44961a7cbe8ee46b2bf04e7198e879677825","26861900"
"0x33566c9d8be6cf0b23795e0d380e112be9d75836","0x4adf44961a7cbe8ee46b2bf04e7198e879677825","26853841.43"
"0x4adf44961a7cbe8ee46b2bf04e7198e879677825","0xfe188ca6faf02b1aa88d4aef21f7de5d4ba64a70","6.715475"
"0x4adf44961a7cbe8ee46b2bf04e7198e879677825","0xa0b86991c6218b36c1d19d4a2e9eb0ce3606eb48","0"
"0x33566c9d8be6cf0b23795e0d380e112be9d75836","0x4adf44961a7cbe8ee46b2bf04e7198e879677825","30219637.5"
"0x4adf44961a7cbe8ee46b2bf04e7198e879677825","0xa0b86991c6218b36c1d19d4a2e9eb0ce3606eb48","0"
"0x4adf44961a7cbe8ee46b2bf04e7198e879677825","0x33566c9d8be6cf0b23795e0d380e112be9d75836","17191616"
"0x4adf44961a7cbe8ee46b2bf04e7198e879677825","0x33566c9d8be6cf0b23795e0d380e112be9d75836","10207522"
"0x4adf44961a7cbe8ee46b2bf04e7198e879677825","0x33566c9d8be6cf0b23795e0d380e112be9d75836","10744760"
"0x4adf44961a7cbe8ee46b2bf04e7198e879677825","0x33566c9d8be6cf0b23795e0d380e112be9d75836","9938903"
"0x4adf44961a7cbe8ee46b2bf04e7198e879677825","0xdac17f958d2ee523a2206206994597c13d831ec7","0"
"0x4adf44961a7cbe8ee46b2bf04e7198e879677825","0xa0b86991c6218b36c1d19d4a2e9eb0ce3606eb48","0"
"0x4adf44961a7cbe8ee46b2bf04e7198e879677825","0xa0b86991c6218b36c1d19d4a2e9eb0ce3606eb48","0"
"0x33566c9d8be6cf0b23795e0d380e112be9d75836","0x4adf44961a7cbe8ee46b2bf04e7198e879677825","2686190"
"0x4adf44961a7cbe8ee46b2bf04e7198e879677825","0x33566c9d8be6cf0b23795e0d380e112be9d75836","44518226.87"
"0x4adf44961a7cbe8ee46b2bf04e7198e879677825","0x33566c9d8be6cf0b23795e0d380e112be9d75836","5372380"
"0x33566c9d8be6cf0b23795e0d380e112be9d75836","0x4adf44961a7cbe8ee46b2bf04e7198e879677825","17366218.35"
"0x33566c9d8be6cf0b23795e0d380e112be9d75836","0x4adf44961a7cbe8ee46b2bf04e7198e879677825","11778943.15"
"0x33566c9d8be6cf0b23795e0d380e112be9d75836","0x4adf44961a7cbe8ee46b2bf04e7198e879677825","11684926.5"
"0x4adf44961a7cbe8ee46b2bf04e7198e879677825","0x17e0e1c4442ea39eb8cf20ab01e5060671e6f608","161171400"
"0x4adf44961a7cbe8ee46b2bf04e7198e879677825","0x33566c9d8be6cf0b23795e0d380e112be9d75836","120878.55"
"0x4adf44961a7cbe8ee46b2bf04e7198e879677825","0x33566c9d8be6cf0b23795e0d380e112be9d75836","23506848.69"
"0x4adf44961a7cbe8ee46b2bf04e7198e879677825","0x33566c9d8be6cf0b23795e0d380e112be9d75836","2686.19"
"0x4adf44961a7cbe8ee46b2bf04e7198e879677825","0xb9c3832e688736ed8c8954d158cb6b00fca6c8f2","365321.84"
"0x33566c9d8be6cf0b23795e0d380e112be9d75836","0x4adf44961a7cbe8ee46b2bf04e7198e879677825","12087855"
"0x33566c9d8be6cf0b23795e0d380e112be9d75836","0x4adf44961a7cbe8ee46b2bf04e7198e879677825","10744760"
"0xb9c3832e688736ed8c8954d158cb6b00fca6c8f2","0x4adf44961a7cbe8ee46b2bf04e7198e879677825","377174.703719573"
"0x4adf44961a7cbe8ee46b2bf04e7198e879677825","0xef7872096a45352d00eacdee713a2074835e34cf","2686.19"
"0x4adf44961a7cbe8ee46b2bf04e7198e879677825","0xef7872096a45352d00eacdee713a2074835e34cf","23305384.44"
"0x33566c9d8be6cf0b23795e0d380e112be9d75836","0x4adf44961a7cbe8ee46b2bf04e7198e879677825","19877.806"
"0x4adf44961a7cbe8ee46b2bf04e7198e879677825","0xef7872096a45352d00eacdee713a2074835e34cf","26.8619"
"0xef7872096a45352d00eacdee713a2074835e34cf","0x4adf44961a7cbe8ee46b2bf04e7198e879677825","24.983447333"
"0x4adf44961a7cbe8ee46b2bf04e7198e879677825","0xb9c3832e688736ed8c8954d158cb6b00fca6c8f2","32126.8324"
"0xef7872096a45352d00eacdee713a2074835e34cf","0x4adf44961a7cbe8ee46b2bf04e7198e879677825","178.0467977132"
"0x33566c9d8be6cf0b23795e0d380e112be9d75836","0x4adf44961a7cbe8ee46b2bf04e7198e879677825","18803330"
"0x33566c9d8be6cf0b23795e0d380e112be9d75836","0x4adf44961a7cbe8ee46b2bf04e7198e879677825","21489520"
"0x4adf44961a7cbe8ee46b2bf04e7198e879677825","0xa0b86991c6218b36c1d19d4a2e9eb0ce3606eb48","0"
"0x4adf44961a7cbe8ee46b2bf04e7198e879677825","0x6963a332b1dd16c42b1d79c068c87c5dc85a5c49","13.43095"
"0x15abb66ba754f05cbc0165a64a11cded1543de48","0x4adf44961a7cbe8ee46b2bf04e7198e879677825","10744760"
"0x15abb66ba754f05cbc0165a64a11cded1543de48","0x4adf44961a7cbe8ee46b2bf04e7198e879677825","5372380"
"0x4adf44961a7cbe8ee46b2bf04e7198e879677825","0x97c77fbf8990fa2442f1e97001ce91ac7333bf80","16117140"
"0x97c77fbf8990fa2442f1e97001ce91ac7333bf80","0x4adf44961a7cbe8ee46b2bf04e7198e879677825","166.0634623661"
"0x33566c9d8be6cf0b23795e0d380e112be9d75836","0x4adf44961a7cbe8ee46b2bf04e7198e879677825","20146425"
"0x4adf44961a7cbe8ee46b2bf04e7198e879677825","0x08bac6df1a9c9d42995296ec1fcb3849fb624c07","40.29285"
"0x4adf44961a7cbe8ee46b2bf04e7198e879677825","0xa0b86991c6218b36c1d19d4a2e9eb0ce3606eb48","0"
"0x4adf44961a7cbe8ee46b2bf04e7198e879677825","0xa0b86991c6218b36c1d19d4a2e9eb0ce3606eb48","0"
"0x33566c9d8be6cf0b23795e0d380e112be9d75836","0x4adf44961a7cbe8ee46b2bf04e7198e879677825","14594070.27"
"0x4adf44961a7cbe8ee46b2bf04e7198e879677825","0x33566c9d8be6cf0b23795e0d380e112be9d75836","6101518.070505"
"0x4adf44961a7cbe8ee46b2bf04e7198e879677825","0x33566c9d8be6cf0b23795e0d380e112be9d75836","24339141.822277"
"0x4adf44961a7cbe8ee46b2bf04e7198e879677825","0x15abb66ba754f05cbc0165a64a11cded1543de48","34098173.785819"
"0x4adf44961a7cbe8ee46b2bf04e7198e879677825","0x15abb66ba754f05cbc0165a64a11cded1543de48","26.8619"
"0x4adf44961a7cbe8ee46b2bf04e7198e879677825","0x15abb66ba754f05cbc0165a64a11cded1543de48","134.3095"
"0x4adf44961a7cbe8ee46b2bf04e7198e879677825","0xa0b86991c6218b36c1d19d4a2e9eb0ce3606eb48","0"
"0x4adf44961a7cbe8ee46b2bf04e7198e879677825","0xa0b86991c6218b36c1d19d4a2e9eb0ce3606eb48","0"
"0x4adf44961a7cbe8ee46b2bf04e7198e879677825","0x08bac6df1a9c9d42995296ec1fcb3849fb624c07","20.146425"
"0x4adf44961a7cbe8ee46b2bf04e7198e879677825","0x6963a332b1dd16c42b1d79c068c87c5dc85a5c49","70109.559"
"0x46f34c24a7ba7a2ac6dd76c3f09b32d41c144d08","0x4adf44961a7cbe8ee46b2bf04e7198e879677825","70109.559"
"0x4adf44961a7cbe8ee46b2bf04e7198e879677825","0x46f34c24a7ba7a2ac6dd76c3f09b32d41c144d08","134.3095"
"0x4adf44961a7cbe8ee46b2bf04e7198e879677825","0xa0b86991c6218b36c1d19d4a2e9eb0ce3606eb48","0"
"0x4adf44961a7cbe8ee46b2bf04e7198e879677825","0xd05a0e04e304890e72ee945501941b4644935bde","268.619"
"0x4adf44961a7cbe8ee46b2bf04e7198e879677825","0xd05a0e04e304890e72ee945501941b4644935bde","940.1665"
"0x4adf44961a7cbe8ee46b2bf04e7198e879677825","0x543283c3168b9d6a66ec4449f788ddc4f0ea0ca6","268.619"
"0x4adf44961a7cbe8ee46b2bf04e7198e879677825","0xb7827ead1e1ab2a3fdc774e361a8a6e962283eb3","53.7238"
"0x4adf44961a7cbe8ee46b2bf04e7198e879677825","0xb7827ead1e1ab2a3fdc774e361a8a6e962283eb3","999208.9562"
"0x4adf44961a7cbe8ee46b2bf04e7198e879677825","0x82ac5170a837f6554d518c71c0590723437e6b64","7905457.17"
"0x564286362092d8e7936f0549571a803b203aaced","0x4adf44961a7cbe8ee46b2bf04e7198e879677825","14774031.56905"
"0xd551234ae421e3bcba99a0da6d736074f22192ff","0x4adf44961a7cbe8ee46b2bf04e7198e879677825","13430936.56905"
"0x0681d8db095565fe8a346fa0277bffde9c0edbbf","0x4adf44961a7cbe8ee46b2bf04e7198e879677825","12813112.86905"
"0xd2351e737157f0a7c0e76933e2dae841fef11782","0x4adf44961a7cbe8ee46b2bf04e7198e879677825","16828980.35"
"0x4adf44961a7cbe8ee46b2bf04e7198e879677825","0xe7dbe6aa7edcc38cb5007b87153d236ad879309b","49063260.35"
"0x1e965c34e150c8e7b3234b4cea373f0941ff36a6","0x4adf44961a7cbe8ee46b2bf04e7198e879677825","8058557.70262218"
"0x0681d8db095565fe8a346fa0277bffde9c0edbbf","0x4adf44961a7cbe8ee46b2bf04e7198e879677825","10744746.56905"
"0x33566c9d8be6cf0b23795e0d380e112be9d75836","0x4adf44961a7cbe8ee46b2bf04e7198e879677825","5990203.7"
"0x4adf44961a7cbe8ee46b2bf04e7198e879677825","0xb9c3832e688736ed8c8954d158cb6b00fca6c8f2","805.857"
"0x4adf44961a7cbe8ee46b2bf04e7198e879677825","0xa19d66c01329c909ce4c845d51d60fc9f3e5eee8","161.1714"
"0x4adf44961a7cbe8ee46b2bf04e7198e879677825","0xa19d66c01329c909ce4c845d51d60fc9f3e5eee8","2715576.9186"
"0x4adf44961a7cbe8ee46b2bf04e7198e879677825","0xb079eb1679481e9f16820a7ff7bac63be9a51e96","134.3095"
"0x4adf44961a7cbe8ee46b2bf04e7198e879677825","0xb079eb1679481e9f16820a7ff7bac63be9a51e96","671.5475"
"0x4adf44961a7cbe8ee46b2bf04e7198e879677825","0xb079eb1679481e9f16820a7ff7bac63be9a51e96","2686.19"
"0x4adf44961a7cbe8ee46b2bf04e7198e879677825","0x0bc529c00c6401aef6d220be8c6ea1667f6ad93e","0"
"0x4adf44961a7cbe8ee46b2bf04e7198e879677825","0xc011a73ee8576fb46f5e1c5751ca3b9fe0af2a6f","0"
"0x4adf44961a7cbe8ee46b2bf04e7198e879677825","0xc011a73ee8576fb46f5e1c5751ca3b9fe0af2a6f","0"
"0x4adf44961a7cbe8ee46b2bf04e7198e879677825","0x0bc529c00c6401aef6d220be8c6ea1667f6ad93e","0"
"0x4adf44961a7cbe8ee46b2bf04e7198e879677825","0x33566c9d8be6cf0b23795e0d380e112be9d75836","510.3761"
"0x4adf44961a7cbe8ee46b2bf04e7198e879677825","0xcaf66b3c3c343064f19c697e53b126cbb9e7ad99","16117.14"
"0x4adf44961a7cbe8ee46b2bf04e7198e879677825","0x8397f9c107bd889c4612eed8ad9f5797a0616d87","24177053.095"
"0x4adf44961a7cbe8ee46b2bf04e7198e879677825","0xd05a0e04e304890e72ee945501941b4644935bde","2686.19"
"0x4adf44961a7cbe8ee46b2bf04e7198e879677825","0xaf68c5b2812888720c76dc2b97f9341d9795437f","671.5475"
"0x4adf44961a7cbe8ee46b2bf04e7198e879677825","0xa0b86991c6218b36c1d19d4a2e9eb0ce3606eb48","0"
"0x4adf44961a7cbe8ee46b2bf04e7198e879677825","0x098729a70354146ea33895de2ed580376b87ab69","2847361.4"
"0x4adf44961a7cbe8ee46b2bf04e7198e879677825","0xc011a73ee8576fb46f5e1c5751ca3b9fe0af2a6f","0"
"0x4adf44961a7cbe8ee46b2bf04e7198e879677825","0xc011a73ee8576fb46f5e1c5751ca3b9fe0af2a6f","0"
"0x4adf44961a7cbe8ee46b2bf04e7198e879677825","0xcf6833dbf97cb18de008a241bbf69d3ee453331c","134.3095"
"0x4adf44961a7cbe8ee46b2bf04e7198e879677825","0x0bc529c00c6401aef6d220be8c6ea1667f6ad93e","0"
"0x4adf44961a7cbe8ee46b2bf04e7198e879677825","0x0bc529c00c6401aef6d220be8c6ea1667f6ad93e","0"
"0x4adf44961a7cbe8ee46b2bf04e7198e879677825","0xbc8a550af6aaf1c5bc9c092438a61b295a4a17c9","537.238"
"0x33566c9d8be6cf0b23795e0d380e112be9d75836","0x4adf44961a7cbe8ee46b2bf04e7198e879677825","13430950"
"0x33566c9d8be6cf0b23795e0d380e112be9d75836","0x4adf44961a7cbe8ee46b2bf04e7198e879677825","14505426"
"0x33566c9d8be6cf0b23795e0d380e112be9d75836","0x4adf44961a7cbe8ee46b2bf04e7198e879677825","14774045"
"0x4adf44961a7cbe8ee46b2bf04e7198e879677825","0xcb416776f3eb83926e7152dda31a74a44b9859ea","134.3095"
"0xcb416776f3eb83926e7152dda31a74a44b9859ea","0x4adf44961a7cbe8ee46b2bf04e7198e879677825","119.7203723196"
"0x4adf44961a7cbe8ee46b2bf04e7198e879677825","0x33566c9d8be6cf0b23795e0d380e112be9d75836","12893712"
"0x33566c9d8be6cf0b23795e0d380e112be9d75836","0x4adf44961a7cbe8ee46b2bf04e7198e879677825","18803330"
"0x33566c9d8be6cf0b23795e0d380e112be9d75836","0x4adf44961a7cbe8ee46b2bf04e7198e879677825","18939788.452"
"0x33566c9d8be6cf0b23795e0d380e112be9d75836","0x4adf44961a7cbe8ee46b2bf04e7198e879677825","16117140"
"0x4adf44961a7cbe8ee46b2bf04e7198e879677825","0x33566c9d8be6cf0b23795e0d380e112be9d75836","26861900"
"0x33566c9d8be6cf0b23795e0d380e112be9d75836","0x4adf44961a7cbe8ee46b2bf04e7198e879677825","26861900"
"0x4adf44961a7cbe8ee46b2bf04e7198e879677825","0x504b99bc8254fc17ad911e260a006107291ca263","13430950"
"0x4adf44961a7cbe8ee46b2bf04e7198e879677825","0x220eadf10315dcb744cb4c12d3d8d5f3d1028336","13430950"
"0x4adf44961a7cbe8ee46b2bf04e7198e879677825","0x4fe83213d56308330ec302a8bd641f1d0113a4cc","0"
"0x6d90cc8ce83b6d0acf634ed45d4bcc37eddd2e48","0x4adf44961a7cbe8ee46b2bf04e7198e879677825","26861894.189771"
"0x4adf44961a7cbe8ee46b2bf04e7198e879677825","0x220eadf10315dcb744cb4c12d3d8d5f3d1028336","13430950"
"0x4adf44961a7cbe8ee46b2bf04e7198e879677825","0x504b99bc8254fc17ad911e260a006107291ca263","13430950"
"0x6d90cc8ce83b6d0acf634ed45d4bcc37eddd2e48","0x4adf44961a7cbe8ee46b2bf04e7198e879677825","26861900"
"0x4adf44961a7cbe8ee46b2bf04e7198e879677825","0xa57a41a89ea2af0b835c2be14085a73c037ecf0b","107.4476"
"0x4adf44961a7cbe8ee46b2bf04e7198e879677825","0x7fc66500c84a76ad7e9c93437bfc5ac33e2ddae9","0"
"0x4adf44961a7cbe8ee46b2bf04e7198e879677825","0xa0b86991c6218b36c1d19d4a2e9eb0ce3606eb48","0"
"0x4adf44961a7cbe8ee46b2bf04e7198e879677825","0x7fc66500c84a76ad7e9c93437bfc5ac33e2ddae9","0"
"0x33566c9d8be6cf0b23795e0d380e112be9d75836","0x4adf44961a7cbe8ee46b2bf04e7198e879677825","402928.5"
"0x4adf44961a7cbe8ee46b2bf04e7198e879677825","0xa6446d655a0c34bc4f05042ee88170d056cbaf45","0"
"0x4adf44961a7cbe8ee46b2bf04e7198e879677825","0xa236ddb2ab5aa072569db7bdb5884b0decdc08a8","134.3095"
"0x4adf44961a7cbe8ee46b2bf04e7198e879677825","0xa236ddb2ab5aa072569db7bdb5884b0decdc08a8","13430815.6905"
"0x4adf44961a7cbe8ee46b2bf04e7198e879677825","0xa6446d655a0c34bc4f05042ee88170d056cbaf45","0"
"0x4adf44961a7cbe8ee46b2bf04e7198e879677825","0xa0b86991c6218b36c1d19d4a2e9eb0ce3606eb48","0"
"0x33566c9d8be6cf0b23795e0d380e112be9d75836","0x4adf44961a7cbe8ee46b2bf04e7198e879677825","6178237"
"0x4adf44961a7cbe8ee46b2bf04e7198e879677825","0xa6446d655a0c34bc4f05042ee88170d056cbaf45","0"
"0x4adf44961a7cbe8ee46b2bf04e7198e879677825","0x5d8684488616db3ab3bdd65d2279ea61a43f3e6c","134.3095"
"0x4adf44961a7cbe8ee46b2bf04e7198e879677825","0x5d8684488616db3ab3bdd65d2279ea61a43f3e6c","8057226.905"
"0x4adf44961a7cbe8ee46b2bf04e7198e879677825","0xc00e94cb662c3520282e6f5717214004a7f26888","0"
"0x4adf44961a7cbe8ee46b2bf04e7198e879677825","0xc00e94cb662c3520282e6f5717214004a7f26888","0"
"0x4adf44961a7cbe8ee46b2bf04e7198e879677825","0x33566c9d8be6cf0b23795e0d380e112be9d75836","13430950"
"0x33566c9d8be6cf0b23795e0d380e112be9d75836","0x4adf44961a7cbe8ee46b2bf04e7198e879677825","17817498.27"
"0x4adf44961a7cbe8ee46b2bf04e7198e879677825","0x4fe83213d56308330ec302a8bd641f1d0113a4cc","0"
"0x4adf44961a7cbe8ee46b2bf04e7198e879677825","0x4fe83213d56308330ec302a8bd641f1d0113a4cc","0"
"0x4adf44961a7cbe8ee46b2bf04e7198e879677825","0x4fe83213d56308330ec302a8bd641f1d0113a4cc","0"
"0x4adf44961a7cbe8ee46b2bf04e7198e879677825","0x6060f1910c9a7dc6be54f3a4959fc830310db2d9","5.37238"
"0x4adf44961a7cbe8ee46b2bf04e7198e879677825","0x6060f1910c9a7dc6be54f3a4959fc830310db2d9","40.29285"
"0x4adf44961a7cbe8ee46b2bf04e7198e879677825","0x6060f1910c9a7dc6be54f3a4959fc830310db2d9","5332.08715"
"0x4adf44961a7cbe8ee46b2bf04e7198e879677825","0x4fe83213d56308330ec302a8bd641f1d0113a4cc","0"
"0x15abb66ba754f05cbc0165a64a11cded1543de48","0x4adf44961a7cbe8ee46b2bf04e7198e879677825","15066759.1243"
"0x4adf44961a7cbe8ee46b2bf04e7198e879677825","0x504b99bc8254fc17ad911e260a006107291ca263","8058570"
"0x4adf44961a7cbe8ee46b2bf04e7198e879677825","0x220eadf10315dcb744cb4c12d3d8d5f3d1028336","8058570"
"0x4adf44961a7cbe8ee46b2bf04e7198e879677825","0xa6446d655a0c34bc4f05042ee88170d056cbaf45","0"
"0x4adf44961a7cbe8ee46b2bf04e7198e879677825","0xc00e94cb662c3520282e6f5717214004a7f26888","0"
"0x4adf44961a7cbe8ee46b2bf04e7198e879677825","0x33566c9d8be6cf0b23795e0d380e112be9d75836","5493258.55"
"0x4adf44961a7cbe8ee46b2bf04e7198e879677825","0x33566c9d8be6cf0b23795e0d380e112be9d75836","14306647.94"
"0x4adf44961a7cbe8ee46b2bf04e7198e879677825","0x33566c9d8be6cf0b23795e0d380e112be9d75836","14212631.29"
"0x33566c9d8be6cf0b23795e0d380e112be9d75836","0x4adf44961a7cbe8ee46b2bf04e7198e879677825","16117140"
"0x4adf44961a7cbe8ee46b2bf04e7198e879677825","0xa0b86991c6218b36c1d19d4a2e9eb0ce3606eb48","0"
"0x4adf44961a7cbe8ee46b2bf04e7198e879677825","0xc011a73ee8576fb46f5e1c5751ca3b9fe0af2a6f","0"
"0x4adf44961a7cbe8ee46b2bf04e7198e879677825","0xc011a73ee8576fb46f5e1c5751ca3b9fe0af2a6f","0"
"0x4adf44961a7cbe8ee46b2bf04e7198e879677825","0x0bc529c00c6401aef6d220be8c6ea1667f6ad93e","0"
"0x4adf44961a7cbe8ee46b2bf04e7198e879677825","0x0bc529c00c6401aef6d220be8c6ea1667f6ad93e","0"
"0x4adf44961a7cbe8ee46b2bf04e7198e879677825","0x514910771af9ca656af840dff83e8264ecf986ca","0"
"0x4adf44961a7cbe8ee46b2bf04e7198e879677825","0x514910771af9ca656af840dff83e8264ecf986ca","0"
"0x4adf44961a7cbe8ee46b2bf04e7198e879677825","0xc00e94cb662c3520282e6f5717214004a7f26888","0"
"0x4adf44961a7cbe8ee46b2bf04e7198e879677825","0x7fc66500c84a76ad7e9c93437bfc5ac33e2ddae9","0"
"0x4adf44961a7cbe8ee46b2bf04e7198e879677825","0xc011a73ee8576fb46f5e1c5751ca3b9fe0af2a6f","0"
"0x33566c9d8be6cf0b23795e0d380e112be9d75836","0x4adf44961a7cbe8ee46b2bf04e7198e879677825","20928632.6451161"
"0x33566c9d8be6cf0b23795e0d380e112be9d75836","0x4adf44961a7cbe8ee46b2bf04e7198e879677825","6505952.18"
"0x33566c9d8be6cf0b23795e0d380e112be9d75836","0x4adf44961a7cbe8ee46b2bf04e7198e879677825","20812600.12"
"0x4adf44961a7cbe8ee46b2bf04e7198e879677825","0xa0b86991c6218b36c1d19d4a2e9eb0ce3606eb48","0"
"0x4adf44961a7cbe8ee46b2bf04e7198e879677825","0xa0b86991c6218b36c1d19d4a2e9eb0ce3606eb48","0"
"0x4adf44961a7cbe8ee46b2bf04e7198e879677825","0xa0b86991c6218b36c1d19d4a2e9eb0ce3606eb48","0"
"0x4adf44961a7cbe8ee46b2bf04e7198e879677825","0xa0b86991c6218b36c1d19d4a2e9eb0ce3606eb48","0"
"0x4adf44961a7cbe8ee46b2bf04e7198e879677825","0x33566c9d8be6cf0b23795e0d380e112be9d75836","4029285"
"0x4adf44961a7cbe8ee46b2bf04e7198e879677825","0x33566c9d8be6cf0b23795e0d380e112be9d75836","4029285"
"0x4adf44961a7cbe8ee46b2bf04e7198e879677825","0x33566c9d8be6cf0b23795e0d380e112be9d75836","4726028.9622"
"0x4adf44961a7cbe8ee46b2bf04e7198e879677825","0xc011a73ee8576fb46f5e1c5751ca3b9fe0af2a6f","0"
"0x4adf44961a7cbe8ee46b2bf04e7198e879677825","0x09ff598b910fb9ff2c0b90842121248a3c8ed834","22832615"
"0x4adf44961a7cbe8ee46b2bf04e7198e879677825","0x2b76ad353f56a74dc047827820f7581eecce7354","72231649.1"
"0x2b76ad353f56a74dc047827820f7581eecce7354","0x4adf44961a7cbe8ee46b2bf04e7198e879677825","72231514.7905"
"0x4adf44961a7cbe8ee46b2bf04e7198e879677825","0xa0c428a6f92ec53b57e08ddca91eeec777bc36ff","8058570"
"0x4adf44961a7cbe8ee46b2bf04e7198e879677825","0x2eb6debaa3c2966d5224b9eea8dc3b43e0f430a3","8058570"
"0x4adf44961a7cbe8ee46b2bf04e7198e879677825","0x597aeb930474d1a7fbbc3c244a768ae77bcbaab6","8058570"
"0x4adf44961a7cbe8ee46b2bf04e7198e879677825","0x33566c9d8be6cf0b23795e0d380e112be9d75836","3492047"
"0x4adf44961a7cbe8ee46b2bf04e7198e879677825","0x33566c9d8be6cf0b23795e0d380e112be9d75836","13430950"
"0x4adf44961a7cbe8ee46b2bf04e7198e879677825","0x33566c9d8be6cf0b23795e0d380e112be9d75836","12179185.46"
"0x4adf44961a7cbe8ee46b2bf04e7198e879677825","0x33566c9d8be6cf0b23795e0d380e112be9d75836","10744760"
"0x4adf44961a7cbe8ee46b2bf04e7198e879677825","0xb8a39d5d6bf35576fe5b7b2910636432061b0678","53.7238"
"0x4adf44961a7cbe8ee46b2bf04e7198e879677825","0x33566c9d8be6cf0b23795e0d380e112be9d75836","2551880.5"
"0x4adf44961a7cbe8ee46b2bf04e7198e879677825","0x33566c9d8be6cf0b23795e0d380e112be9d75836","107447.6"
"0x4adf44961a7cbe8ee46b2bf04e7198e879677825","0x0b00a52fde89cc2fbe43b42b7f0c269077ec1925","53.7238"
"0x4adf44961a7cbe8ee46b2bf04e7198e879677825","0xa6446d655a0c34bc4f05042ee88170d056cbaf45","0"
"0x2b76ad353f56a74dc047827820f7581eecce7354","0x4adf44961a7cbe8ee46b2bf04e7198e879677825","124.3277522695"
"0x4adf44961a7cbe8ee46b2bf04e7198e879677825","0x6ae55181f90c954993789546956a8453e63b0015","53.7238"
"0x15abb66ba754f05cbc0165a64a11cded1543de48","0x4adf44961a7cbe8ee46b2bf04e7198e879677825","13430950"
"0x4adf44961a7cbe8ee46b2bf04e7198e879677825","0x33566c9d8be6cf0b23795e0d380e112be9d75836","12289319.25"
"0x4adf44961a7cbe8ee46b2bf04e7198e879677825","0x543283c3168b9d6a66ec4449f788ddc4f0ea0ca6","2686.19"
"0x7fc7a2351680cae0721fcc7e4efda0e6d7136960","0x4adf44961a7cbe8ee46b2bf04e7198e879677825","0"
"0x4adf44961a7cbe8ee46b2bf04e7198e879677825","0xa0b86991c6218b36c1d19d4a2e9eb0ce3606eb48","0"
"0x4adf44961a7cbe8ee46b2bf04e7198e879677825","0xa0b86991c6218b36c1d19d4a2e9eb0ce3606eb48","0"
"0x4adf44961a7cbe8ee46b2bf04e7198e879677825","0xa0b86991c6218b36c1d19d4a2e9eb0ce3606eb48","0"
"0x4adf44961a7cbe8ee46b2bf04e7198e879677825","0xa0b86991c6218b36c1d19d4a2e9eb0ce3606eb48","0"
"0x4adf44961a7cbe8ee46b2bf04e7198e879677825","0xa0b86991c6218b36c1d19d4a2e9eb0ce3606eb48","0"
"0x4adf44961a7cbe8ee46b2bf04e7198e879677825","0xd3ce80e4c104b6fb9ef1fcfaa605e4bac5f17733","40.29285"
"0x4adf44961a7cbe8ee46b2bf04e7198e879677825","0xd3ce80e4c104b6fb9ef1fcfaa605e4bac5f17733","13.43095"
"0x4adf44961a7cbe8ee46b2bf04e7198e879677825","0xd3ce80e4c104b6fb9ef1fcfaa605e4bac5f17733","26.8619"
"0x4adf44961a7cbe8ee46b2bf04e7198e879677825","0xd3ce80e4c104b6fb9ef1fcfaa605e4bac5f17733","26.8619"
"0x4adf44961a7cbe8ee46b2bf04e7198e879677825","0xd3ce80e4c104b6fb9ef1fcfaa605e4bac5f17733","40.29285"
"0x4adf44961a7cbe8ee46b2bf04e7198e879677825","0xd3ce80e4c104b6fb9ef1fcfaa605e4bac5f17733","268.619"
"0x4adf44961a7cbe8ee46b2bf04e7198e879677825","0xa6446d655a0c34bc4f05042ee88170d056cbaf45","0"
"0x15abb66ba754f05cbc0165a64a11cded1543de48","0x4adf44961a7cbe8ee46b2bf04e7198e879677825","25811599.71"
"0x46f34c24a7ba7a2ac6dd76c3f09b32d41c144d08","0x4adf44961a7cbe8ee46b2bf04e7198e879677825","1050300.29"
"0x4adf44961a7cbe8ee46b2bf04e7198e879677825","0xb8a39d5d6bf35576fe5b7b2910636432061b0678","134.3095"
"0x4adf44961a7cbe8ee46b2bf04e7198e879677825","0x7fc66500c84a76ad7e9c93437bfc5ac33e2ddae9","0"
"0x15abb66ba754f05cbc0165a64a11cded1543de48","0x4adf44961a7cbe8ee46b2bf04e7198e879677825","886442.7"
"0x4adf44961a7cbe8ee46b2bf04e7198e879677825","0x41318419cfa25396b47a94896ffa2c77c6434040","13430950"
"0x4adf44961a7cbe8ee46b2bf04e7198e879677825","0xf4561c710ba450aab302ffc3557ee59bbce94ca6","40.29285"
"0x4adf44961a7cbe8ee46b2bf04e7198e879677825","0xa1d6df714f91debf4e0802a542e13067f31b8262","0"
"0xa252bc1c9f810e7e4ebd18701f6d7dfa56038864","0x4adf44961a7cbe8ee46b2bf04e7198e879677825","39425174.9708278"
"0x4adf44961a7cbe8ee46b2bf04e7198e879677825","0xa0b86991c6218b36c1d19d4a2e9eb0ce3606eb48","0"
"0x4adf44961a7cbe8ee46b2bf04e7198e879677825","0x6ae55181f90c954993789546956a8453e63b0015","53.7238"
"0x4adf44961a7cbe8ee46b2bf04e7198e879677825","0xd97c521a71ee35a5ad7df357322b34578ba7b794","268.619"
"0x4adf44961a7cbe8ee46b2bf04e7198e879677825","0x7fc66500c84a76ad7e9c93437bfc5ac33e2ddae9","0"
"0x33566c9d8be6cf0b23795e0d380e112be9d75836","0x4adf44961a7cbe8ee46b2bf04e7198e879677825","35053382.6812"
"0x4adf44961a7cbe8ee46b2bf04e7198e879677825","0x4ccf468e9daa56073a1d7004a36e3656900abe30","40.29285"
"0x4adf44961a7cbe8ee46b2bf04e7198e879677825","0x2f383efbb5f8db7aada928d8471455ba3d0abe3b","26.8619"
"0x4adf44961a7cbe8ee46b2bf04e7198e879677825","0x4ccf468e9daa56073a1d7004a36e3656900abe30","27678429.9366518"
"0x4adf44961a7cbe8ee46b2bf04e7198e879677825","0x2f383efbb5f8db7aada928d8471455ba3d0abe3b","6919590.69413235"
"0x4adf44961a7cbe8ee46b2bf04e7198e879677825","0xc7afb2a055edf43a8d81374dd908319b017d0876","10744760"
"0x4adf44961a7cbe8ee46b2bf04e7198e879677825","0x46f34c24a7ba7a2ac6dd76c3f09b32d41c144d08","1343095"
"0x4adf44961a7cbe8ee46b2bf04e7198e879677825","0xc3f7a7ed42125d2b45bcf8ebcb9fc5657eb674cd","25518805"
"0x4adf44961a7cbe8ee46b2bf04e7198e879677825","0x33566c9d8be6cf0b23795e0d380e112be9d75836","1372606.02963046"
"0x33566c9d8be6cf0b23795e0d380e112be9d75836","0x4adf44961a7cbe8ee46b2bf04e7198e879677825","4.1332674149"
"0x46f34c24a7ba7a2ac6dd76c3f09b32d41c144d08","0x4adf44961a7cbe8ee46b2bf04e7198e879677825","26861900"
"0x15abb66ba754f05cbc0165a64a11cded1543de48","0x4adf44961a7cbe8ee46b2bf04e7198e879677825","24175710"
"0x4adf44961a7cbe8ee46b2bf04e7198e879677825","0x6ae55181f90c954993789546956a8453e63b0015","161.1714"
"0x4adf44961a7cbe8ee46b2bf04e7198e879677825","0xc011a73ee8576fb46f5e1c5751ca3b9fe0af2a6f","0"
"0x4adf44961a7cbe8ee46b2bf04e7198e879677825","0x5797f722b1fee36e3d2c3481d938d1372bcd99a7","1074476"
"0x4adf44961a7cbe8ee46b2bf04e7198e879677825","0xc011a73ee8576fb46f5e1c5751ca3b9fe0af2a6f","0"
"0x5797f722b1fee36e3d2c3481d938d1372bcd99a7","0x4adf44961a7cbe8ee46b2bf04e7198e879677825","1074476"
"0x4adf44961a7cbe8ee46b2bf04e7198e879677825","0xa0b86991c6218b36c1d19d4a2e9eb0ce3606eb48","0"
"0x4adf44961a7cbe8ee46b2bf04e7198e879677825","0xa0b86991c6218b36c1d19d4a2e9eb0ce3606eb48","0"
"0x4adf44961a7cbe8ee46b2bf04e7198e879677825","0xa0b86991c6218b36c1d19d4a2e9eb0ce3606eb48","0"
"0x4adf44961a7cbe8ee46b2bf04e7198e879677825","0x514910771af9ca656af840dff83e8264ecf986ca","0"
"0x4adf44961a7cbe8ee46b2bf04e7198e879677825","0x514910771af9ca656af840dff83e8264ecf986ca","0"
"0x4adf44961a7cbe8ee46b2bf04e7198e879677825","0x33566c9d8be6cf0b23795e0d380e112be9d75836","8058570"
"0x4adf44961a7cbe8ee46b2bf04e7198e879677825","0x2949349f91333b01235d2950a41260c2d357837d","67.15475"
"0x4adf44961a7cbe8ee46b2bf04e7198e879677825","0xa0b86991c6218b36c1d19d4a2e9eb0ce3606eb48","0"
"0x4adf44961a7cbe8ee46b2bf04e7198e879677825","0xa0b86991c6218b36c1d19d4a2e9eb0ce3606eb48","0"
"0x4adf44961a7cbe8ee46b2bf04e7198e879677825","0xa0b86991c6218b36c1d19d4a2e9eb0ce3606eb48","0"
"0x4adf44961a7cbe8ee46b2bf04e7198e879677825","0xa0b86991c6218b36c1d19d4a2e9eb0ce3606eb48","0"
"0x4adf44961a7cbe8ee46b2bf04e7198e879677825","0xa0b86991c6218b36c1d19d4a2e9eb0ce3606eb48","0"
"0x4adf44961a7cbe8ee46b2bf04e7198e879677825","0xa0b86991c6218b36c1d19d4a2e9eb0ce3606eb48","0"
"0x4adf44961a7cbe8ee46b2bf04e7198e879677825","0xcf6833dbf97cb18de008a241bbf69d3ee453331c","80.5857"
"0x4adf44961a7cbe8ee46b2bf04e7198e879677825","0xa0b86991c6218b36c1d19d4a2e9eb0ce3606eb48","0"
"0x4adf44961a7cbe8ee46b2bf04e7198e879677825","0xf9baea45dc8a82d2a7f07543d64922a9ab60b122","67.15475"
"0x4adf44961a7cbe8ee46b2bf04e7198e879677825","0xb079eb1679481e9f16820a7ff7bac63be9a51e96","671.5475"
"0x4adf44961a7cbe8ee46b2bf04e7198e879677825","0x1f573d6fb3f13d689ff844b4ce37794d79a7ff1c","0"
"0x4adf44961a7cbe8ee46b2bf04e7198e879677825","0x1f573d6fb3f13d689ff844b4ce37794d79a7ff1c","0"
"0x4adf44961a7cbe8ee46b2bf04e7198e879677825","0xa0b86991c6218b36c1d19d4a2e9eb0ce3606eb48","0"
"0x4adf44961a7cbe8ee46b2bf04e7198e879677825","0x1f573d6fb3f13d689ff844b4ce37794d79a7ff1c","0"
"0x4adf44961a7cbe8ee46b2bf04e7198e879677825","0x514910771af9ca656af840dff83e8264ecf986ca","0"
"0x4adf44961a7cbe8ee46b2bf04e7198e879677825","0xf9baea45dc8a82d2a7f07543d64922a9ab60b122","1343.095"
"0x4adf44961a7cbe8ee46b2bf04e7198e879677825","0x1f573d6fb3f13d689ff844b4ce37794d79a7ff1c","0"
"0x4adf44961a7cbe8ee46b2bf04e7198e879677825","0x514910771af9ca656af840dff83e8264ecf986ca","0"
"0x4adf44961a7cbe8ee46b2bf04e7198e879677825","0xa0b86991c6218b36c1d19d4a2e9eb0ce3606eb48","0"
"0x4adf44961a7cbe8ee46b2bf04e7198e879677825","0x08bac6df1a9c9d42995296ec1fcb3849fb624c07","134.3095"
"0x4adf44961a7cbe8ee46b2bf04e7198e879677825","0xa0b86991c6218b36c1d19d4a2e9eb0ce3606eb48","0"
"0x4adf44961a7cbe8ee46b2bf04e7198e879677825","0xa0b86991c6218b36c1d19d4a2e9eb0ce3606eb48","0"
"0x4adf44961a7cbe8ee46b2bf04e7198e879677825","0xa0b86991c6218b36c1d19d4a2e9eb0ce3606eb48","0"
"0x4adf44961a7cbe8ee46b2bf04e7198e879677825","0xa0b86991c6218b36c1d19d4a2e9eb0ce3606eb48","0"
"0x4adf44961a7cbe8ee46b2bf04e7198e879677825","0x6ae55181f90c954993789546956a8453e63b0015","80.5857"
"0x4adf44961a7cbe8ee46b2bf04e7198e879677825","0xa0b86991c6218b36c1d19d4a2e9eb0ce3606eb48","0"
"0x4adf44961a7cbe8ee46b2bf04e7198e879677825","0x2c9023bbc572ff8dc1228c7858a280046ea8c9e5","0"
"0x4adf44961a7cbe8ee46b2bf04e7198e879677825","0x2c9023bbc572ff8dc1228c7858a280046ea8c9e5","0"
"0x4adf44961a7cbe8ee46b2bf04e7198e879677825","0x2c9023bbc572ff8dc1228c7858a280046ea8c9e5","0"
"0x4adf44961a7cbe8ee46b2bf04e7198e879677825","0x00c83aecc790e8a4453e5dd3b0b4b3680501a7a7","0"
"0x4adf44961a7cbe8ee46b2bf04e7198e879677825","0x00c83aecc790e8a4453e5dd3b0b4b3680501a7a7","0"
"0x4adf44961a7cbe8ee46b2bf04e7198e879677825","0xa0b86991c6218b36c1d19d4a2e9eb0ce3606eb48","0"
"0x4adf44961a7cbe8ee46b2bf04e7198e879677825","0xa0b86991c6218b36c1d19d4a2e9eb0ce3606eb48","0"
"0x4adf44961a7cbe8ee46b2bf04e7198e879677825","0xa0b86991c6218b36c1d19d4a2e9eb0ce3606eb48","0"
"0x4adf44961a7cbe8ee46b2bf04e7198e879677825","0xdac17f958d2ee523a2206206994597c13d831ec7","0"
"0x4adf44961a7cbe8ee46b2bf04e7198e879677825","0x783c55512b208ae06ea1b1de78f46819f1d54f0c","134.3095"
"0x4adf44961a7cbe8ee46b2bf04e7198e879677825","0xa0b86991c6218b36c1d19d4a2e9eb0ce3606eb48","0"
"0x4adf44961a7cbe8ee46b2bf04e7198e879677825","0xa0b86991c6218b36c1d19d4a2e9eb0ce3606eb48","0"
"0x4adf44961a7cbe8ee46b2bf04e7198e879677825","0xa0b86991c6218b36c1d19d4a2e9eb0ce3606eb48","0"
"0x4adf44961a7cbe8ee46b2bf04e7198e879677825","0xdac17f958d2ee523a2206206994597c13d831ec7","0"
"0x4adf44961a7cbe8ee46b2bf04e7198e879677825","0xa0b86991c6218b36c1d19d4a2e9eb0ce3606eb48","0"
"0x4adf44961a7cbe8ee46b2bf04e7198e879677825","0xa0b86991c6218b36c1d19d4a2e9eb0ce3606eb48","0"
"0x4adf44961a7cbe8ee46b2bf04e7198e879677825","0x504b99bc8254fc17ad911e260a006107291ca263","6043927.5"
"0x4adf44961a7cbe8ee46b2bf04e7198e879677825","0x220eadf10315dcb744cb4c12d3d8d5f3d1028336","6043927.5"
"0x4adf44961a7cbe8ee46b2bf04e7198e879677825","0x6b175474e89094c44da98b954eedeac495271d0f","0"
"0x4adf44961a7cbe8ee46b2bf04e7198e879677825","0x6b175474e89094c44da98b954eedeac495271d0f","0"
"0x4adf44961a7cbe8ee46b2bf04e7198e879677825","0x1f573d6fb3f13d689ff844b4ce37794d79a7ff1c","0"
"0x4adf44961a7cbe8ee46b2bf04e7198e879677825","0x6b3595068778dd592e39a122f4f5a5cf09c90fe2","0"
"0x4adf44961a7cbe8ee46b2bf04e7198e879677825","0x6b3595068778dd592e39a122f4f5a5cf09c90fe2","0"
"0x4adf44961a7cbe8ee46b2bf04e7198e879677825","0xa0b86991c6218b36c1d19d4a2e9eb0ce3606eb48","0"
"0x4adf44961a7cbe8ee46b2bf04e7198e879677825","0x33566c9d8be6cf0b23795e0d380e112be9d75836","21307799.2465"
"0x4adf44961a7cbe8ee46b2bf04e7198e879677825","0x08bac6df1a9c9d42995296ec1fcb3849fb624c07","134.3095"
"0x4adf44961a7cbe8ee46b2bf04e7198e879677825","0x24d54d4ee55e3b8082033824261f85271ef2fc65","40.29285"
"0x24d54d4ee55e3b8082033824261f85271ef2fc65","0x4adf44961a7cbe8ee46b2bf04e7198e879677825","5.37238"
"0x24d54d4ee55e3b8082033824261f85271ef2fc65","0x4adf44961a7cbe8ee46b2bf04e7198e879677825","25.10513174"
"0x4adf44961a7cbe8ee46b2bf04e7198e879677825","0x24d54d4ee55e3b8082033824261f85271ef2fc65","83271.89"
"0x4adf44961a7cbe8ee46b2bf04e7198e879677825","0x33566c9d8be6cf0b23795e0d380e112be9d75836","7875909.08"
"0x24d54d4ee55e3b8082033824261f85271ef2fc65","0x4adf44961a7cbe8ee46b2bf04e7198e879677825","83144.7765746839"
"0x4adf44961a7cbe8ee46b2bf04e7198e879677825","0x0bc529c00c6401aef6d220be8c6ea1667f6ad93e","0"
"0x4adf44961a7cbe8ee46b2bf04e7198e879677825","0x514910771af9ca656af840dff83e8264ecf986ca","0"
"0x4adf44961a7cbe8ee46b2bf04e7198e879677825","0xa0b86991c6218b36c1d19d4a2e9eb0ce3606eb48","0"
"0x4adf44961a7cbe8ee46b2bf04e7198e879677825","0xa0b86991c6218b36c1d19d4a2e9eb0ce3606eb48","0"
"0x4adf44961a7cbe8ee46b2bf04e7198e879677825","0xa0b86991c6218b36c1d19d4a2e9eb0ce3606eb48","0"
"0x4adf44961a7cbe8ee46b2bf04e7198e879677825","0xa0b86991c6218b36c1d19d4a2e9eb0ce3606eb48","0"
"0x4adf44961a7cbe8ee46b2bf04e7198e879677825","0xdac17f958d2ee523a2206206994597c13d831ec7","0"
"0x4adf44961a7cbe8ee46b2bf04e7198e879677825","0xdac17f958d2ee523a2206206994597c13d831ec7","0"
"0x4adf44961a7cbe8ee46b2bf04e7198e879677825","0x32901b1d1113c8e1f44255524d61701eb3714411","23608923.91"
"0x4adf44961a7cbe8ee46b2bf04e7198e879677825","0x71314207480accd73e4fdb6e007917abe97bc0d4","67.15475"
"0x4adf44961a7cbe8ee46b2bf04e7198e879677825","0x514910771af9ca656af840dff83e8264ecf986ca","0"
"0x4adf44961a7cbe8ee46b2bf04e7198e879677825","0xa9bd6111cdcb52a1e79e0581f3835d5d6467d90c","268.619"
"0x33566c9d8be6cf0b23795e0d380e112be9d75836","0x4adf44961a7cbe8ee46b2bf04e7198e879677825","1423680.7"
"0x4adf44961a7cbe8ee46b2bf04e7198e879677825","0x46f34c24a7ba7a2ac6dd76c3f09b32d41c144d08","1399504.99"
"0x33566c9d8be6cf0b23795e0d380e112be9d75836","0x4adf44961a7cbe8ee46b2bf04e7198e879677825","5372380"
"0x4adf44961a7cbe8ee46b2bf04e7198e879677825","0xdbc2a6c355a9e9c884e295af6dfb54bb414b7304","5200463.84"
"0x4adf44961a7cbe8ee46b2bf04e7198e879677825","0xa0b86991c6218b36c1d19d4a2e9eb0ce3606eb48","0"
"0x4adf44961a7cbe8ee46b2bf04e7198e879677825","0xb42e40211b59b8f0525ef57ca4491c8522417f98","134.3095"
"0x4adf44961a7cbe8ee46b2bf04e7198e879677825","0x514910771af9ca656af840dff83e8264ecf986ca","0"
"0x4adf44961a7cbe8ee46b2bf04e7198e879677825","0xa0b86991c6218b36c1d19d4a2e9eb0ce3606eb48","0"
"0x4adf44961a7cbe8ee46b2bf04e7198e879677825","0xa5b7c5c73908187faabe77f7ac5bff2a557f6fa0","134.3095"
"0x4adf44961a7cbe8ee46b2bf04e7198e879677825","0x93b1c62ddded4a575adad5683372f85a6313ca01","134.3095"
"0x4adf44961a7cbe8ee46b2bf04e7198e879677825","0x168325d09ed451a15ca299d1c6d79a280a6be4da","134.3095"
"0x4adf44961a7cbe8ee46b2bf04e7198e879677825","0x46c96b437a34a912ec3d009a0e9f9a60485d2f9c","134.3095"
"0x46c96b437a34a912ec3d009a0e9f9a60485d2f9c","0x4adf44961a7cbe8ee46b2bf04e7198e879677825","122.9049042884"
"0x93b1c62ddded4a575adad5683372f85a6313ca01","0x4adf44961a7cbe8ee46b2bf04e7198e879677825","96.7273263302668"
"0xbc8a550af6aaf1c5bc9c092438a61b295a4a17c9","0x4adf44961a7cbe8ee46b2bf04e7198e879677825","7584.35756695848"
"0x168325d09ed451a15ca299d1c6d79a280a6be4da","0x4adf44961a7cbe8ee46b2bf04e7198e879677825","118.1726702273"
"0x168325d09ed451a15ca299d1c6d79a280a6be4da","0x4adf44961a7cbe8ee46b2bf04e7198e879677825","0.9595339299"
"0x4adf44961a7cbe8ee46b2bf04e7198e879677825","0x41353eff3a105232bfdee40bb82f77e056995d25","80.5857"
"0x41353eff3a105232bfdee40bb82f77e056995d25","0x4adf44961a7cbe8ee46b2bf04e7198e879677825","71.33603037496"
"0x4adf44961a7cbe8ee46b2bf04e7198e879677825","0xc011a73ee8576fb46f5e1c5751ca3b9fe0af2a6f","0"
"0x4adf44961a7cbe8ee46b2bf04e7198e879677825","0x1c0456a2171b7051ecfd0103b339f3e0ada377d3","1343.095"
"0x4adf44961a7cbe8ee46b2bf04e7198e879677825","0xa0b86991c6218b36c1d19d4a2e9eb0ce3606eb48","0"
"0x4adf44961a7cbe8ee46b2bf04e7198e879677825","0xbc8a550af6aaf1c5bc9c092438a61b295a4a17c9","134.3095"
"0xbc8a550af6aaf1c5bc9c092438a61b295a4a17c9","0x4adf44961a7cbe8ee46b2bf04e7198e879677825","128.6273217073"
"0x4adf44961a7cbe8ee46b2bf04e7198e879677825","0x1f9840a85d5af5bf1d1762f925bdaddc4201f984","0"
"0x4adf44961a7cbe8ee46b2bf04e7198e879677825","0x6b3595068778dd592e39a122f4f5a5cf09c90fe2","0"
"0x4adf44961a7cbe8ee46b2bf04e7198e879677825","0x1f9840a85d5af5bf1d1762f925bdaddc4201f984","0"
"0x4adf44961a7cbe8ee46b2bf04e7198e879677825","0x1f9840a85d5af5bf1d1762f925bdaddc4201f984","0"
"0x4adf44961a7cbe8ee46b2bf04e7198e879677825","0x6b3595068778dd592e39a122f4f5a5cf09c90fe2","0"
"0x4adf44961a7cbe8ee46b2bf04e7198e879677825","0x33566c9d8be6cf0b23795e0d380e112be9d75836","201764.98508764"
"0xf4561c710ba450aab302ffc3557ee59bbce94ca6","0x4adf44961a7cbe8ee46b2bf04e7198e879677825","26861900"
"0x4adf44961a7cbe8ee46b2bf04e7198e879677825","0x33566c9d8be6cf0b23795e0d380e112be9d75836","26861900"
"0x4adf44961a7cbe8ee46b2bf04e7198e879677825","0xc00e94cb662c3520282e6f5717214004a7f26888","0"
"0x4adf44961a7cbe8ee46b2bf04e7198e879677825","0xa0b86991c6218b36c1d19d4a2e9eb0ce3606eb48","0"
"0x4adf44961a7cbe8ee46b2bf04e7198e879677825","0x94dfd5ae3d86d15110c8844f1cb83d6f869d5a3f","94.01665"
"0x4adf44961a7cbe8ee46b2bf04e7198e879677825","0x4d2969ea48244b16dd93871315e847b805a6e7b7","87.301175"
"0x4adf44961a7cbe8ee46b2bf04e7198e879677825","0xdac17f958d2ee523a2206206994597c13d831ec7","0"
"0x4adf44961a7cbe8ee46b2bf04e7198e879677825","0xdac17f958d2ee523a2206206994597c13d831ec7","0"
"0x4adf44961a7cbe8ee46b2bf04e7198e879677825","0xa91e04d4e31fcf2a4a853d1995a0e47ffc4c06cf","671.5475"
"0x4adf44961a7cbe8ee46b2bf04e7198e879677825","0xc011a73ee8576fb46f5e1c5751ca3b9fe0af2a6f","0"
"0x4adf44961a7cbe8ee46b2bf04e7198e879677825","0x1f9840a85d5af5bf1d1762f925bdaddc4201f984","0"
"0x4adf44961a7cbe8ee46b2bf04e7198e879677825","0xc011a73ee8576fb46f5e1c5751ca3b9fe0af2a6f","0"
"0x4adf44961a7cbe8ee46b2bf04e7198e879677825","0x7fc66500c84a76ad7e9c93437bfc5ac33e2ddae9","0"
"0x4adf44961a7cbe8ee46b2bf04e7198e879677825","0x7fc66500c84a76ad7e9c93437bfc5ac33e2ddae9","0"
"0x4adf44961a7cbe8ee46b2bf04e7198e879677825","0xc00e94cb662c3520282e6f5717214004a7f26888","0"
"0x4adf44961a7cbe8ee46b2bf04e7198e879677825","0x9f8f72aa9304c8b593d555f12ef6589cc3a579a2","0"
"0x4adf44961a7cbe8ee46b2bf04e7198e879677825","0xc011a73ee8576fb46f5e1c5751ca3b9fe0af2a6f","0"
"0x4adf44961a7cbe8ee46b2bf04e7198e879677825","0x6b3595068778dd592e39a122f4f5a5cf09c90fe2","0"
"0x4adf44961a7cbe8ee46b2bf04e7198e879677825","0x04fa0d235c4abf4bcf4787af4cf447de572ef828","0"
"0x4adf44961a7cbe8ee46b2bf04e7198e879677825","0x1f9840a85d5af5bf1d1762f925bdaddc4201f984","0"
"0x4adf44961a7cbe8ee46b2bf04e7198e879677825","0x0bc529c00c6401aef6d220be8c6ea1667f6ad93e","0"
"0x4adf44961a7cbe8ee46b2bf04e7198e879677825","0xe41d2489571d322189246dafa5ebde1f4699f498","0"
"0x4adf44961a7cbe8ee46b2bf04e7198e879677825","0x04fa0d235c4abf4bcf4787af4cf447de572ef828","0"
"0x4adf44961a7cbe8ee46b2bf04e7198e879677825","0xe41d2489571d322189246dafa5ebde1f4699f498","0"
"0x4adf44961a7cbe8ee46b2bf04e7198e879677825","0xc011a73ee8576fb46f5e1c5751ca3b9fe0af2a6f","0"
"0x4adf44961a7cbe8ee46b2bf04e7198e879677825","0x0bc529c00c6401aef6d220be8c6ea1667f6ad93e","0"
"0x4adf44961a7cbe8ee46b2bf04e7198e879677825","0x6b3595068778dd592e39a122f4f5a5cf09c90fe2","0"
"0x4adf44961a7cbe8ee46b2bf04e7198e879677825","0x9f8f72aa9304c8b593d555f12ef6589cc3a579a2","0"
"0x4adf44961a7cbe8ee46b2bf04e7198e879677825","0xc00e94cb662c3520282e6f5717214004a7f26888","0"
"0x4adf44961a7cbe8ee46b2bf04e7198e879677825","0x7fc66500c84a76ad7e9c93437bfc5ac33e2ddae9","0"
"0x4adf44961a7cbe8ee46b2bf04e7198e879677825","0x1f9840a85d5af5bf1d1762f925bdaddc4201f984","0"
"0x4adf44961a7cbe8ee46b2bf04e7198e879677825","0xc34d90033bb46ef7ed728b3806accb6efcd2a3e4","56.40999"
"0xc34d90033bb46ef7ed728b3806accb6efcd2a3e4","0x4adf44961a7cbe8ee46b2bf04e7198e879677825","54.2213617688149"
"0x4adf44961a7cbe8ee46b2bf04e7198e879677825","0xa0b86991c6218b36c1d19d4a2e9eb0ce3606eb48","0"
"0x4adf44961a7cbe8ee46b2bf04e7198e879677825","0x05db4f111ec107a3be043768ec38332f8b10b0e0","456.6523"
"0x33566c9d8be6cf0b23795e0d380e112be9d75836","0x4adf44961a7cbe8ee46b2bf04e7198e879677825","26861.9"
"0x4adf44961a7cbe8ee46b2bf04e7198e879677825","0xa0b86991c6218b36c1d19d4a2e9eb0ce3606eb48","0"
"0x4adf44961a7cbe8ee46b2bf04e7198e879677825","0xa0b86991c6218b36c1d19d4a2e9eb0ce3606eb48","0"
"0x4adf44961a7cbe8ee46b2bf04e7198e879677825","0xd8c4b2d9016471e649bc708873f075d6cbed8e81","107.4476"
"0x4adf44961a7cbe8ee46b2bf04e7198e879677825","0x1f9840a85d5af5bf1d1762f925bdaddc4201f984","0"
"0x4adf44961a7cbe8ee46b2bf04e7198e879677825","0x1f9840a85d5af5bf1d1762f925bdaddc4201f984","0"
"0x4adf44961a7cbe8ee46b2bf04e7198e879677825","0x1f9840a85d5af5bf1d1762f925bdaddc4201f984","0"
"0x4adf44961a7cbe8ee46b2bf04e7198e879677825","0xdac17f958d2ee523a2206206994597c13d831ec7","0"
"0x4adf44961a7cbe8ee46b2bf04e7198e879677825","0x9f8f72aa9304c8b593d555f12ef6589cc3a579a2","0"
"0x15abb66ba754f05cbc0165a64a11cded1543de48","0x4adf44961a7cbe8ee46b2bf04e7198e879677825","2954809"
"0x4adf44961a7cbe8ee46b2bf04e7198e879677825","0x1f9840a85d5af5bf1d1762f925bdaddc4201f984","0"
"0x4adf44961a7cbe8ee46b2bf04e7198e879677825","0xa0b86991c6218b36c1d19d4a2e9eb0ce3606eb48","0"
"0x4adf44961a7cbe8ee46b2bf04e7198e879677825","0xa19e76096cdc2f4b53fc4678af4137a19529bc28","107.4476"
"0x33566c9d8be6cf0b23795e0d380e112be9d75836","0x4adf44961a7cbe8ee46b2bf04e7198e879677825","22199162.6436515"
"0x4adf44961a7cbe8ee46b2bf04e7198e879677825","0x15abb66ba754f05cbc0165a64a11cded1543de48","14236807"
"0x4adf44961a7cbe8ee46b2bf04e7198e879677825","0xa0b86991c6218b36c1d19d4a2e9eb0ce3606eb48","0"
"0x4adf44961a7cbe8ee46b2bf04e7198e879677825","0xa0b86991c6218b36c1d19d4a2e9eb0ce3606eb48","0"
"0x4adf44961a7cbe8ee46b2bf04e7198e879677825","0xa0b86991c6218b36c1d19d4a2e9eb0ce3606eb48","0"
"0x4adf44961a7cbe8ee46b2bf04e7198e879677825","0x9f8f72aa9304c8b593d555f12ef6589cc3a579a2","0"
"0x4adf44961a7cbe8ee46b2bf04e7198e879677825","0x6b3595068778dd592e39a122f4f5a5cf09c90fe2","0"
"0x4adf44961a7cbe8ee46b2bf04e7198e879677825","0x6b3595068778dd592e39a122f4f5a5cf09c90fe2","0"
"0x33566c9d8be6cf0b23795e0d380e112be9d75836","0x4adf44961a7cbe8ee46b2bf04e7198e879677825","12173786.2181"
"0x4adf44961a7cbe8ee46b2bf04e7198e879677825","0x27054b13b1b798b345b591a4d22e6562d47ea75a","0"
"0x4adf44961a7cbe8ee46b2bf04e7198e879677825","0xc011a73ee8576fb46f5e1c5751ca3b9fe0af2a6f","0"
"0x4adf44961a7cbe8ee46b2bf04e7198e879677825","0xbc396689893d065f41bc2c6ecbee5e0085233447","0"
"0x4adf44961a7cbe8ee46b2bf04e7198e879677825","0xbc396689893d065f41bc2c6ecbee5e0085233447","0"
"0x4adf44961a7cbe8ee46b2bf04e7198e879677825","0x4691937a7508860f876c9c0a2a617e7d9e945d4b","0"
"0x4adf44961a7cbe8ee46b2bf04e7198e879677825","0x7fc66500c84a76ad7e9c93437bfc5ac33e2ddae9","0"
"0x4adf44961a7cbe8ee46b2bf04e7198e879677825","0x7fc66500c84a76ad7e9c93437bfc5ac33e2ddae9","0"
"0x4adf44961a7cbe8ee46b2bf04e7198e879677825","0x7fc66500c84a76ad7e9c93437bfc5ac33e2ddae9","0"
"0x4adf44961a7cbe8ee46b2bf04e7198e879677825","0x7fc66500c84a76ad7e9c93437bfc5ac33e2ddae9","0"
"0x4adf44961a7cbe8ee46b2bf04e7198e879677825","0x4691937a7508860f876c9c0a2a617e7d9e945d4b","0"
"0x4adf44961a7cbe8ee46b2bf04e7198e879677825","0xc00e94cb662c3520282e6f5717214004a7f26888","0"
"0x4adf44961a7cbe8ee46b2bf04e7198e879677825","0xc00e94cb662c3520282e6f5717214004a7f26888","0"
"0x4adf44961a7cbe8ee46b2bf04e7198e879677825","0xc00e94cb662c3520282e6f5717214004a7f26888","0"
"0x4adf44961a7cbe8ee46b2bf04e7198e879677825","0xc00e94cb662c3520282e6f5717214004a7f26888","0"
"0x4adf44961a7cbe8ee46b2bf04e7198e879677825","0xdbdb4d16eda451d0503b854cf79d55697f90c8df","0"
"0x4adf44961a7cbe8ee46b2bf04e7198e879677825","0xdbdb4d16eda451d0503b854cf79d55697f90c8df","0"
"0x33566c9d8be6cf0b23795e0d380e112be9d75836","0x4adf44961a7cbe8ee46b2bf04e7198e879677825","1993152.98"
"0x4adf44961a7cbe8ee46b2bf04e7198e879677825","0xa0b86991c6218b36c1d19d4a2e9eb0ce3606eb48","0"
"0x4adf44961a7cbe8ee46b2bf04e7198e879677825","0x6f909cb6eed9bae0fc723bc5ea2e713c9ff67551","80.5857"
"0x4adf44961a7cbe8ee46b2bf04e7198e879677825","0x33566c9d8be6cf0b23795e0d380e112be9d75836","4384088.257198"
"0x4adf44961a7cbe8ee46b2bf04e7198e879677825","0x4691937a7508860f876c9c0a2a617e7d9e945d4b","0"
"0x4adf44961a7cbe8ee46b2bf04e7198e879677825","0xd533a949740bb3306d119cc777fa900ba034cd52","0"
"0x4adf44961a7cbe8ee46b2bf04e7198e879677825","0xd533a949740bb3306d119cc777fa900ba034cd52","0"
"0x4adf44961a7cbe8ee46b2bf04e7198e879677825","0xd533a949740bb3306d119cc777fa900ba034cd52","0"
"0x4adf44961a7cbe8ee46b2bf04e7198e879677825","0xd533a949740bb3306d119cc777fa900ba034cd52","0"
"0x4adf44961a7cbe8ee46b2bf04e7198e879677825","0xd533a949740bb3306d119cc777fa900ba034cd52","0"
"0x4adf44961a7cbe8ee46b2bf04e7198e879677825","0xd533a949740bb3306d119cc777fa900ba034cd52","0"
"0x4adf44961a7cbe8ee46b2bf04e7198e879677825","0xa0b86991c6218b36c1d19d4a2e9eb0ce3606eb48","0"
"0x33566c9d8be6cf0b23795e0d380e112be9d75836","0x4adf44961a7cbe8ee46b2bf04e7198e879677825","2937250.8802364"
"0x4adf44961a7cbe8ee46b2bf04e7198e879677825","0xdbdb4d16eda451d0503b854cf79d55697f90c8df","0"
"0x4adf44961a7cbe8ee46b2bf04e7198e879677825","0xdbdb4d16eda451d0503b854cf79d55697f90c8df","0"
"0x4adf44961a7cbe8ee46b2bf04e7198e879677825","0xa0b86991c6218b36c1d19d4a2e9eb0ce3606eb48","0"
"0x4adf44961a7cbe8ee46b2bf04e7198e879677825","0xa0b86991c6218b36c1d19d4a2e9eb0ce3606eb48","0"
"0x4adf44961a7cbe8ee46b2bf04e7198e879677825","0x33566c9d8be6cf0b23795e0d380e112be9d75836","400621.06279"
"0x33566c9d8be6cf0b23795e0d380e112be9d75836","0x4adf44961a7cbe8ee46b2bf04e7198e879677825","4114830.481216"
"0x4adf44961a7cbe8ee46b2bf04e7198e879677825","0xa0b86991c6218b36c1d19d4a2e9eb0ce3606eb48","0"
"0x4adf44961a7cbe8ee46b2bf04e7198e879677825","0xa0b86991c6218b36c1d19d4a2e9eb0ce3606eb48","0"
"0x33566c9d8be6cf0b23795e0d380e112be9d75836","0x4adf44961a7cbe8ee46b2bf04e7198e879677825","7761665.4193"
"0x33566c9d8be6cf0b23795e0d380e112be9d75836","0x4adf44961a7cbe8ee46b2bf04e7198e879677825","7083512.040852"
"0x4adf44961a7cbe8ee46b2bf04e7198e879677825","0xb7290a9fbf68a3e5db2315c5e6ac9cb5d87d219f","2686.19"
"0xb7290a9fbf68a3e5db2315c5e6ac9cb5d87d219f","0x4adf44961a7cbe8ee46b2bf04e7198e879677825","2676.48975637207"
"0x4adf44961a7cbe8ee46b2bf04e7198e879677825","0xca80f34ec3df4ef673d4e0d46b727f9f3f47b5ea","2686.19"
"0x4adf44961a7cbe8ee46b2bf04e7198e879677825","0xca80f34ec3df4ef673d4e0d46b727f9f3f47b5ea","268619"
"0x4adf44961a7cbe8ee46b2bf04e7198e879677825","0xb8a39d5d6bf35576fe5b7b2910636432061b0678","134.3095"
"0xb8a39d5d6bf35576fe5b7b2910636432061b0678","0x4adf44961a7cbe8ee46b2bf04e7198e879677825","146.00607795802"
"0x4adf44961a7cbe8ee46b2bf04e7198e879677825","0xcad2d31546f90b478cabbd12bca6c400d0e433c1","134.3095"
"0x4adf44961a7cbe8ee46b2bf04e7198e879677825","0xb7290a9fbf68a3e5db2315c5e6ac9cb5d87d219f","2686.19"
"0x4adf44961a7cbe8ee46b2bf04e7198e879677825","0xca80f34ec3df4ef673d4e0d46b727f9f3f47b5ea","69840.94"
"0x4adf44961a7cbe8ee46b2bf04e7198e879677825","0xa0b86991c6218b36c1d19d4a2e9eb0ce3606eb48","0"
"0x4adf44961a7cbe8ee46b2bf04e7198e879677825","0x4691937a7508860f876c9c0a2a617e7d9e945d4b","0"
"0xb7290a9fbf68a3e5db2315c5e6ac9cb5d87d219f","0x4adf44961a7cbe8ee46b2bf04e7198e879677825","2686.19"
"0x4adf44961a7cbe8ee46b2bf04e7198e879677825","0x4691937a7508860f876c9c0a2a617e7d9e945d4b","0"
"0x4adf44961a7cbe8ee46b2bf04e7198e879677825","0xa1faa113cbe53436df28ff0aee54275c13b40975","0"
"0x4adf44961a7cbe8ee46b2bf04e7198e879677825","0xa1faa113cbe53436df28ff0aee54275c13b40975","0"
"0x4adf44961a7cbe8ee46b2bf04e7198e879677825","0xa1faa113cbe53436df28ff0aee54275c13b40975","0"
"0x4adf44961a7cbe8ee46b2bf04e7198e879677825","0xa1faa113cbe53436df28ff0aee54275c13b40975","0"
"0x4adf44961a7cbe8ee46b2bf04e7198e879677825","0x33566c9d8be6cf0b23795e0d380e112be9d75836","671.5475"
"0x4adf44961a7cbe8ee46b2bf04e7198e879677825","0x33566c9d8be6cf0b23795e0d380e112be9d75836","299231.114088434"
"0x4adf44961a7cbe8ee46b2bf04e7198e879677825","0x33566c9d8be6cf0b23795e0d380e112be9d75836","67.15475"
"0x33566c9d8be6cf0b23795e0d380e112be9d75836","0x4adf44961a7cbe8ee46b2bf04e7198e879677825","16052584.676063"
"0x4adf44961a7cbe8ee46b2bf04e7198e879677825","0x33566c9d8be6cf0b23795e0d380e112be9d75836","2996042.0165"
"0x4adf44961a7cbe8ee46b2bf04e7198e879677825","0x4691937a7508860f876c9c0a2a617e7d9e945d4b","0"
"0x4adf44961a7cbe8ee46b2bf04e7198e879677825","0x4691937a7508860f876c9c0a2a617e7d9e945d4b","0"
"0x4adf44961a7cbe8ee46b2bf04e7198e879677825","0xa0b86991c6218b36c1d19d4a2e9eb0ce3606eb48","0"
"0x4adf44961a7cbe8ee46b2bf04e7198e879677825","0xa0b86991c6218b36c1d19d4a2e9eb0ce3606eb48","0"
"0x4adf44961a7cbe8ee46b2bf04e7198e879677825","0xa0b86991c6218b36c1d19d4a2e9eb0ce3606eb48","0"
"0x4adf44961a7cbe8ee46b2bf04e7198e879677825","0xeb509ff5a476e01afc9b7a908e6cf5dc2864c8eb","53.7238"
"0x4adf44961a7cbe8ee46b2bf04e7198e879677825","0xf61377a23d3beb148634ecf4fa756e03eccf6c79","53.7238"
"0x4adf44961a7cbe8ee46b2bf04e7198e879677825","0xa0b86991c6218b36c1d19d4a2e9eb0ce3606eb48","0"
"0x4adf44961a7cbe8ee46b2bf04e7198e879677825","0xf61377a23d3beb148634ecf4fa756e03eccf6c79","134.3095"
"0x4adf44961a7cbe8ee46b2bf04e7198e879677825","0xa0b86991c6218b36c1d19d4a2e9eb0ce3606eb48","0"
"0x4adf44961a7cbe8ee46b2bf04e7198e879677825","0xeb509ff5a476e01afc9b7a908e6cf5dc2864c8eb","53.7238"
"0x4adf44961a7cbe8ee46b2bf04e7198e879677825","0xab984d1d6f8c1d8c81dc7ba30cc7537f081a23cb","13.43095"
"0x4adf44961a7cbe8ee46b2bf04e7198e879677825","0xab984d1d6f8c1d8c81dc7ba30cc7537f081a23cb","134.3095"
"0x4adf44961a7cbe8ee46b2bf04e7198e879677825","0x33566c9d8be6cf0b23795e0d380e112be9d75836","11812211.61315"
"0x4adf44961a7cbe8ee46b2bf04e7198e879677825","0x32901b1d1113c8e1f44255524d61701eb3714411","7601917.7"
"0x33566c9d8be6cf0b23795e0d380e112be9d75836","0x4adf44961a7cbe8ee46b2bf04e7198e879677825","2795875.19627"
"0x4adf44961a7cbe8ee46b2bf04e7198e879677825","0x6ae55181f90c954993789546956a8453e63b0015","805.857"
"0x4adf44961a7cbe8ee46b2bf04e7198e879677825","0x408e41876cccdc0f92210600ef50372656052a38","0"
"0x4adf44961a7cbe8ee46b2bf04e7198e879677825","0x408e41876cccdc0f92210600ef50372656052a38","0"
"0x4adf44961a7cbe8ee46b2bf04e7198e879677825","0x408e41876cccdc0f92210600ef50372656052a38","0"
"0x33566c9d8be6cf0b23795e0d380e112be9d75836","0x4adf44961a7cbe8ee46b2bf04e7198e879677825","2650982.10767"
"0x4adf44961a7cbe8ee46b2bf04e7198e879677825","0x5797f722b1fee36e3d2c3481d938d1372bcd99a7","8058570"
"0x4adf44961a7cbe8ee46b2bf04e7198e879677825","0x32901b1d1113c8e1f44255524d61701eb3714411","6715475"
"0x5797f722b1fee36e3d2c3481d938d1372bcd99a7","0x4adf44961a7cbe8ee46b2bf04e7198e879677825","8058570"
"0x33566c9d8be6cf0b23795e0d380e112be9d75836","0x4adf44961a7cbe8ee46b2bf04e7198e879677825","14317392.7"
"0x4adf44961a7cbe8ee46b2bf04e7198e879677825","0x33566c9d8be6cf0b23795e0d380e112be9d75836","26861900"
"0x4adf44961a7cbe8ee46b2bf04e7198e879677825","0x581ead9975181355e1cde6ae3742abe4fbf559a9","6715475"
"0x4adf44961a7cbe8ee46b2bf04e7198e879677825","0xa0c428a6f92ec53b57e08ddca91eeec777bc36ff","6715475"
"0x33566c9d8be6cf0b23795e0d380e112be9d75836","0x4adf44961a7cbe8ee46b2bf04e7198e879677825","2781261.73888033"
"0x33566c9d8be6cf0b23795e0d380e112be9d75836","0x4adf44961a7cbe8ee46b2bf04e7198e879677825","16148514.6992"
"0x4adf44961a7cbe8ee46b2bf04e7198e879677825","0xa0c428a6f92ec53b57e08ddca91eeec777bc36ff","8058570"
"0x4adf44961a7cbe8ee46b2bf04e7198e879677825","0x22075b84a9b1227d01031dfcc5bc8bb2b93581cd","8058570"
"0x4adf44961a7cbe8ee46b2bf04e7198e879677825","0x33566c9d8be6cf0b23795e0d380e112be9d75836","2686190"
"0x4adf44961a7cbe8ee46b2bf04e7198e879677825","0x597aeb930474d1a7fbbc3c244a768ae77bcbaab6","2686190"
"0x4adf44961a7cbe8ee46b2bf04e7198e879677825","0x4691937a7508860f876c9c0a2a617e7d9e945d4b","0"
"0x33566c9d8be6cf0b23795e0d380e112be9d75836","0x4adf44961a7cbe8ee46b2bf04e7198e879677825","15613882.3035"
"0x4adf44961a7cbe8ee46b2bf04e7198e879677825","0x32901b1d1113c8e1f44255524d61701eb3714411","8058570"
"0x4adf44961a7cbe8ee46b2bf04e7198e879677825","0xa0b86991c6218b36c1d19d4a2e9eb0ce3606eb48","0"
"0x33566c9d8be6cf0b23795e0d380e112be9d75836","0x4adf44961a7cbe8ee46b2bf04e7198e879677825","21739469.9795"
"0x33566c9d8be6cf0b23795e0d380e112be9d75836","0x4adf44961a7cbe8ee46b2bf04e7198e879677825","6482394.2937"
"0x4adf44961a7cbe8ee46b2bf04e7198e879677825","0xd533a949740bb3306d119cc777fa900ba034cd52","0"
"0x4adf44961a7cbe8ee46b2bf04e7198e879677825","0xd533a949740bb3306d119cc777fa900ba034cd52","0"
"0x4adf44961a7cbe8ee46b2bf04e7198e879677825","0xd533a949740bb3306d119cc777fa900ba034cd52","0"
"0x4adf44961a7cbe8ee46b2bf04e7198e879677825","0xd533a949740bb3306d119cc777fa900ba034cd52","0"
"0x4adf44961a7cbe8ee46b2bf04e7198e879677825","0xd533a949740bb3306d119cc777fa900ba034cd52","0"
"0x4adf44961a7cbe8ee46b2bf04e7198e879677825","0xd533a949740bb3306d119cc777fa900ba034cd52","0"
"0x4adf44961a7cbe8ee46b2bf04e7198e879677825","0xd533a949740bb3306d119cc777fa900ba034cd52","0"
"0x4adf44961a7cbe8ee46b2bf04e7198e879677825","0xd533a949740bb3306d119cc777fa900ba034cd52","0"
"0x4adf44961a7cbe8ee46b2bf04e7198e879677825","0xd533a949740bb3306d119cc777fa900ba034cd52","0"
"0x4adf44961a7cbe8ee46b2bf04e7198e879677825","0xd533a949740bb3306d119cc777fa900ba034cd52","0"
"0x4adf44961a7cbe8ee46b2bf04e7198e879677825","0xd533a949740bb3306d119cc777fa900ba034cd52","0"
"0x4adf44961a7cbe8ee46b2bf04e7198e879677825","0x15abb66ba754f05cbc0165a64a11cded1543de48","5909618"
"0x4adf44961a7cbe8ee46b2bf04e7198e879677825","0x0bc529c00c6401aef6d220be8c6ea1667f6ad93e","0"
"0x33566c9d8be6cf0b23795e0d380e112be9d75836","0x4adf44961a7cbe8ee46b2bf04e7198e879677825","276772.929745"
"0x4adf44961a7cbe8ee46b2bf04e7198e879677825","0xabee4dd3be138d33ae79be154f20238fbe008fd2","134.3095"
"0x4adf44961a7cbe8ee46b2bf04e7198e879677825","0xa0b86991c6218b36c1d19d4a2e9eb0ce3606eb48","0"
"0x4adf44961a7cbe8ee46b2bf04e7198e879677825","0xa0b86991c6218b36c1d19d4a2e9eb0ce3606eb48","0"
"0x4adf44961a7cbe8ee46b2bf04e7198e879677825","0x15abb66ba754f05cbc0165a64a11cded1543de48","6245391.75"
"0x4adf44961a7cbe8ee46b2bf04e7198e879677825","0x33566c9d8be6cf0b23795e0d380e112be9d75836","8630092.81268459"
"0x4adf44961a7cbe8ee46b2bf04e7198e879677825","0xa0b86991c6218b36c1d19d4a2e9eb0ce3606eb48","0"
"0x4adf44961a7cbe8ee46b2bf04e7198e879677825","0xd80a97e61f1aad84f0ea7107e2402365be37728e","134.3095"
"0x33566c9d8be6cf0b23795e0d380e112be9d75836","0x4adf44961a7cbe8ee46b2bf04e7198e879677825","4078242.693083"
"0x4adf44961a7cbe8ee46b2bf04e7198e879677825","0xa0b86991c6218b36c1d19d4a2e9eb0ce3606eb48","0"
"0x33566c9d8be6cf0b23795e0d380e112be9d75836","0x4adf44961a7cbe8ee46b2bf04e7198e879677825","4029285"
"0x4adf44961a7cbe8ee46b2bf04e7198e879677825","0x2e5e9b8779a476656bde8d1cbf419c19ff9e0d55","3021.96375"
"0x4adf44961a7cbe8ee46b2bf04e7198e879677825","0x33566c9d8be6cf0b23795e0d380e112be9d75836","8759627.86444923"
"0x4adf44961a7cbe8ee46b2bf04e7198e879677825","0xd533a949740bb3306d119cc777fa900ba034cd52","0"
"0x4adf44961a7cbe8ee46b2bf04e7198e879677825","0xdac17f958d2ee523a2206206994597c13d831ec7","0"
"0x4adf44961a7cbe8ee46b2bf04e7198e879677825","0x15abb66ba754f05cbc0165a64a11cded1543de48","10341868.5603695"
"0x15abb66ba754f05cbc0165a64a11cded1543de48","0x4adf44961a7cbe8ee46b2bf04e7198e879677825","3572632.7"
"0x4adf44961a7cbe8ee46b2bf04e7198e879677825","0x33566c9d8be6cf0b23795e0d380e112be9d75836","7136523.2215069"
"0x4adf44961a7cbe8ee46b2bf04e7198e879677825","0x0bc529c00c6401aef6d220be8c6ea1667f6ad93e","0"
"0x4adf44961a7cbe8ee46b2bf04e7198e879677825","0xd533a949740bb3306d119cc777fa900ba034cd52","0"
"0x4adf44961a7cbe8ee46b2bf04e7198e879677825","0xd533a949740bb3306d119cc777fa900ba034cd52","0"
"0x4adf44961a7cbe8ee46b2bf04e7198e879677825","0xd533a949740bb3306d119cc777fa900ba034cd52","0"
"0x4adf44961a7cbe8ee46b2bf04e7198e879677825","0xd533a949740bb3306d119cc777fa900ba034cd52","0"
"0x4adf44961a7cbe8ee46b2bf04e7198e879677825","0xd533a949740bb3306d119cc777fa900ba034cd52","0"
"0x4adf44961a7cbe8ee46b2bf04e7198e879677825","0xd533a949740bb3306d119cc777fa900ba034cd52","0"
"0x4adf44961a7cbe8ee46b2bf04e7198e879677825","0xcd9e09b30d481cc33937ce33feb3d94d434f5f75","80.5857"
"0x4adf44961a7cbe8ee46b2bf04e7198e879677825","0x15abb66ba754f05cbc0165a64a11cded1543de48","3304013.7"
"0x4adf44961a7cbe8ee46b2bf04e7198e879677825","0x00c83aecc790e8a4453e5dd3b0b4b3680501a7a7","0"
"0x4adf44961a7cbe8ee46b2bf04e7198e879677825","0x514910771af9ca656af840dff83e8264ecf986ca","0"
"0x4adf44961a7cbe8ee46b2bf04e7198e879677825","0x00c83aecc790e8a4453e5dd3b0b4b3680501a7a7","0"
"0x4adf44961a7cbe8ee46b2bf04e7198e879677825","0x00c83aecc790e8a4453e5dd3b0b4b3680501a7a7","0"
"0x4adf44961a7cbe8ee46b2bf04e7198e879677825","0x00c83aecc790e8a4453e5dd3b0b4b3680501a7a7","0"
"0x4adf44961a7cbe8ee46b2bf04e7198e879677825","0x514910771af9ca656af840dff83e8264ecf986ca","0"
"0x4adf44961a7cbe8ee46b2bf04e7198e879677825","0x00c83aecc790e8a4453e5dd3b0b4b3680501a7a7","0"
"0x4adf44961a7cbe8ee46b2bf04e7198e879677825","0x00c83aecc790e8a4453e5dd3b0b4b3680501a7a7","0"
"0x4adf44961a7cbe8ee46b2bf04e7198e879677825","0x00c83aecc790e8a4453e5dd3b0b4b3680501a7a7","0"
"0x4adf44961a7cbe8ee46b2bf04e7198e879677825","0x0bc529c00c6401aef6d220be8c6ea1667f6ad93e","0"
"0x4adf44961a7cbe8ee46b2bf04e7198e879677825","0x0bc529c00c6401aef6d220be8c6ea1667f6ad93e","0"
"0x4adf44961a7cbe8ee46b2bf04e7198e879677825","0x0bc529c00c6401aef6d220be8c6ea1667f6ad93e","0"
"0x4adf44961a7cbe8ee46b2bf04e7198e879677825","0x0bc529c00c6401aef6d220be8c6ea1667f6ad93e","0"
"0x4adf44961a7cbe8ee46b2bf04e7198e879677825","0xa319de7ccb4eaa4d487be85dff41a19b82f320d4","161.1714"
"0x4adf44961a7cbe8ee46b2bf04e7198e879677825","0xa0b86991c6218b36c1d19d4a2e9eb0ce3606eb48","0"
"0x4adf44961a7cbe8ee46b2bf04e7198e879677825","0xa0b86991c6218b36c1d19d4a2e9eb0ce3606eb48","0"
"0x33566c9d8be6cf0b23795e0d380e112be9d75836","0x4adf44961a7cbe8ee46b2bf04e7198e879677825","6768829.29455339"
"0x4adf44961a7cbe8ee46b2bf04e7198e879677825","0x090185f2135308bad17527004364ebcc2d37e5f6","0"
"0x4adf44961a7cbe8ee46b2bf04e7198e879677825","0x090185f2135308bad17527004364ebcc2d37e5f6","0"
"0x4adf44961a7cbe8ee46b2bf04e7198e879677825","0x090185f2135308bad17527004364ebcc2d37e5f6","0"
"0x4adf44961a7cbe8ee46b2bf04e7198e879677825","0x090185f2135308bad17527004364ebcc2d37e5f6","0"
"0x33566c9d8be6cf0b23795e0d380e112be9d75836","0x4adf44961a7cbe8ee46b2bf04e7198e879677825","35914944.6719581"
"0x4adf44961a7cbe8ee46b2bf04e7198e879677825","0x15abb66ba754f05cbc0165a64a11cded1543de48","2686190"
"0x4adf44961a7cbe8ee46b2bf04e7198e879677825","0x92d6c1e31e14520e676a687f0a93788b716beff5","0"
"0x4adf44961a7cbe8ee46b2bf04e7198e879677825","0x92d6c1e31e14520e676a687f0a93788b716beff5","0"
"0x4adf44961a7cbe8ee46b2bf04e7198e879677825","0x92d6c1e31e14520e676a687f0a93788b716beff5","0"
"0x4adf44961a7cbe8ee46b2bf04e7198e879677825","0x92d6c1e31e14520e676a687f0a93788b716beff5","0"
"0x4adf44961a7cbe8ee46b2bf04e7198e879677825","0x33566c9d8be6cf0b23795e0d380e112be9d75836","13430950"
"0x4adf44961a7cbe8ee46b2bf04e7198e879677825","0x33566c9d8be6cf0b23795e0d380e112be9d75836","14067403.502126"
"0x4adf44961a7cbe8ee46b2bf04e7198e879677825","0x33566c9d8be6cf0b23795e0d380e112be9d75836","5372380"
"0x4adf44961a7cbe8ee46b2bf04e7198e879677825","0x33566c9d8be6cf0b23795e0d380e112be9d75836","8697499.09483"
"0x15abb66ba754f05cbc0165a64a11cded1543de48","0x4adf44961a7cbe8ee46b2bf04e7198e879677825","11819236"
"0x4adf44961a7cbe8ee46b2bf04e7198e879677825","0x33566c9d8be6cf0b23795e0d380e112be9d75836","13065628.16"
"0x33566c9d8be6cf0b23795e0d380e112be9d75836","0x4adf44961a7cbe8ee46b2bf04e7198e879677825","2750724.103036"
"0x33566c9d8be6cf0b23795e0d380e112be9d75836","0x4adf44961a7cbe8ee46b2bf04e7198e879677825","5036919.728373"
"0x4adf44961a7cbe8ee46b2bf04e7198e879677825","0x6b3595068778dd592e39a122f4f5a5cf09c90fe2","0"
"0x4adf44961a7cbe8ee46b2bf04e7198e879677825","0x6b3595068778dd592e39a122f4f5a5cf09c90fe2","0"
"0x4adf44961a7cbe8ee46b2bf04e7198e879677825","0x6b3595068778dd592e39a122f4f5a5cf09c90fe2","0"
"0x4adf44961a7cbe8ee46b2bf04e7198e879677825","0x6b3595068778dd592e39a122f4f5a5cf09c90fe2","0"
"0x33566c9d8be6cf0b23795e0d380e112be9d75836","0x4adf44961a7cbe8ee46b2bf04e7198e879677825","28901489.415149"
"0x4adf44961a7cbe8ee46b2bf04e7198e879677825","0x15abb66ba754f05cbc0165a64a11cded1543de48","8477615.64"
"0x4adf44961a7cbe8ee46b2bf04e7198e879677825","0x33566c9d8be6cf0b23795e0d380e112be9d75836","8615761.01932"
"0x4adf44961a7cbe8ee46b2bf04e7198e879677825","0x4691937a7508860f876c9c0a2a617e7d9e945d4b","0"
"0x4adf44961a7cbe8ee46b2bf04e7198e879677825","0x4691937a7508860f876c9c0a2a617e7d9e945d4b","0"
"0x4adf44961a7cbe8ee46b2bf04e7198e879677825","0x4691937a7508860f876c9c0a2a617e7d9e945d4b","0"
"0x4adf44961a7cbe8ee46b2bf04e7198e879677825","0xcd9e09b30d481cc33937ce33feb3d94d434f5f75","537.238"
"0x4adf44961a7cbe8ee46b2bf04e7198e879677825","0xa0b86991c6218b36c1d19d4a2e9eb0ce3606eb48","0"
"0x4adf44961a7cbe8ee46b2bf04e7198e879677825","0x6ae55181f90c954993789546956a8453e63b0015","134.3095"
"0x4adf44961a7cbe8ee46b2bf04e7198e879677825","0xa0b86991c6218b36c1d19d4a2e9eb0ce3606eb48","0"
"0x4adf44961a7cbe8ee46b2bf04e7198e879677825","0x0bc529c00c6401aef6d220be8c6ea1667f6ad93e","0"
"0x4adf44961a7cbe8ee46b2bf04e7198e879677825","0x0bc529c00c6401aef6d220be8c6ea1667f6ad93e","0"
"0x4adf44961a7cbe8ee46b2bf04e7198e879677825","0x33566c9d8be6cf0b23795e0d380e112be9d75836","2831489.777766"
"0x33566c9d8be6cf0b23795e0d380e112be9d75836","0x4adf44961a7cbe8ee46b2bf04e7198e879677825","1713155.27916"
"0x4adf44961a7cbe8ee46b2bf04e7198e879677825","0x6b3595068778dd592e39a122f4f5a5cf09c90fe2","0"
"0x4adf44961a7cbe8ee46b2bf04e7198e879677825","0xa0b86991c6218b36c1d19d4a2e9eb0ce3606eb48","0"
"0x4adf44961a7cbe8ee46b2bf04e7198e879677825","0xa0b86991c6218b36c1d19d4a2e9eb0ce3606eb48","0"
"0x33566c9d8be6cf0b23795e0d380e112be9d75836","0x4adf44961a7cbe8ee46b2bf04e7198e879677825","4901907.521069"
"0x4adf44961a7cbe8ee46b2bf04e7198e879677825","0xa0b86991c6218b36c1d19d4a2e9eb0ce3606eb48","0"
"0x33566c9d8be6cf0b23795e0d380e112be9d75836","0x4adf44961a7cbe8ee46b2bf04e7198e879677825","13430950"
"0x33566c9d8be6cf0b23795e0d380e112be9d75836","0x4adf44961a7cbe8ee46b2bf04e7198e879677825","14047656.24496"
"0x4adf44961a7cbe8ee46b2bf04e7198e879677825","0x33566c9d8be6cf0b23795e0d380e112be9d75836","5300541.340497"
"0x4adf44961a7cbe8ee46b2bf04e7198e879677825","0x7fc66500c84a76ad7e9c93437bfc5ac33e2ddae9","0"
"0x4adf44961a7cbe8ee46b2bf04e7198e879677825","0x6b3595068778dd592e39a122f4f5a5cf09c90fe2","0"
"0x4adf44961a7cbe8ee46b2bf04e7198e879677825","0x631edb851e2b52beeff1752326d00e786079ea83","47.1157726"
"0x4adf44961a7cbe8ee46b2bf04e7198e879677825","0x631edb851e2b52beeff1752326d00e786079ea83","537.238"
"0x631edb851e2b52beeff1752326d00e786079ea83","0x4adf44961a7cbe8ee46b2bf04e7198e879677825","47.1157726"
"0x631edb851e2b52beeff1752326d00e786079ea83","0x4adf44961a7cbe8ee46b2bf04e7198e879677825","523.221678077643"
"0x4adf44961a7cbe8ee46b2bf04e7198e879677825","0x15abb66ba754f05cbc0165a64a11cded1543de48","8058570"
"0x4adf44961a7cbe8ee46b2bf04e7198e879677825","0xdac17f958d2ee523a2206206994597c13d831ec7","0"
"0x4adf44961a7cbe8ee46b2bf04e7198e879677825","0xdac17f958d2ee523a2206206994597c13d831ec7","0"
"0x4adf44961a7cbe8ee46b2bf04e7198e879677825","0x4e3fbd56cd56c3e72c1403e103b45db9da5b9d2b","0"
"0x4adf44961a7cbe8ee46b2bf04e7198e879677825","0x4e3fbd56cd56c3e72c1403e103b45db9da5b9d2b","0"
"0x4adf44961a7cbe8ee46b2bf04e7198e879677825","0x4e3fbd56cd56c3e72c1403e103b45db9da5b9d2b","0"
"0x4adf44961a7cbe8ee46b2bf04e7198e879677825","0x4e3fbd56cd56c3e72c1403e103b45db9da5b9d2b","0"
"0x4adf44961a7cbe8ee46b2bf04e7198e879677825","0x4e3fbd56cd56c3e72c1403e103b45db9da5b9d2b","0"
"0x4adf44961a7cbe8ee46b2bf04e7198e879677825","0x4e3fbd56cd56c3e72c1403e103b45db9da5b9d2b","0"
"0x4adf44961a7cbe8ee46b2bf04e7198e879677825","0x4e3fbd56cd56c3e72c1403e103b45db9da5b9d2b","0"
"0x4adf44961a7cbe8ee46b2bf04e7198e879677825","0x4e3fbd56cd56c3e72c1403e103b45db9da5b9d2b","0"
"0x4adf44961a7cbe8ee46b2bf04e7198e879677825","0x4e3fbd56cd56c3e72c1403e103b45db9da5b9d2b","0"
"0x4adf44961a7cbe8ee46b2bf04e7198e879677825","0x4e3fbd56cd56c3e72c1403e103b45db9da5b9d2b","0"
"0x4adf44961a7cbe8ee46b2bf04e7198e879677825","0x7fc66500c84a76ad7e9c93437bfc5ac33e2ddae9","0"
"0x4adf44961a7cbe8ee46b2bf04e7198e879677825","0xdbdb4d16eda451d0503b854cf79d55697f90c8df","0"
"0x4adf44961a7cbe8ee46b2bf04e7198e879677825","0xc7283b66eb1eb5fb86327f08e1b5816b0720212b","0"
"0x4adf44961a7cbe8ee46b2bf04e7198e879677825","0xc7283b66eb1eb5fb86327f08e1b5816b0720212b","0"
"0x4adf44961a7cbe8ee46b2bf04e7198e879677825","0xdbdb4d16eda451d0503b854cf79d55697f90c8df","0"
"0x4adf44961a7cbe8ee46b2bf04e7198e879677825","0x33566c9d8be6cf0b23795e0d380e112be9d75836","610785.8822"
"0x33566c9d8be6cf0b23795e0d380e112be9d75836","0x4adf44961a7cbe8ee46b2bf04e7198e879677825","21462980.485779"
"0x33566c9d8be6cf0b23795e0d380e112be9d75836","0x4adf44961a7cbe8ee46b2bf04e7198e879677825","18803330"
"0x4adf44961a7cbe8ee46b2bf04e7198e879677825","0x1f9840a85d5af5bf1d1762f925bdaddc4201f984","0"
"0x33566c9d8be6cf0b23795e0d380e112be9d75836","0x4adf44961a7cbe8ee46b2bf04e7198e879677825","1740046.72725"
"0x4adf44961a7cbe8ee46b2bf04e7198e879677825","0x33566c9d8be6cf0b23795e0d380e112be9d75836","194909.9464"
"0x4adf44961a7cbe8ee46b2bf04e7198e879677825","0x33566c9d8be6cf0b23795e0d380e112be9d75836","365644.1828"
"0x4adf44961a7cbe8ee46b2bf04e7198e879677825","0x33566c9d8be6cf0b23795e0d380e112be9d75836","185763.46945"
"0x33566c9d8be6cf0b23795e0d380e112be9d75836","0x4adf44961a7cbe8ee46b2bf04e7198e879677825","5032980.967976"
"0x4adf44961a7cbe8ee46b2bf04e7198e879677825","0x6b3595068778dd592e39a122f4f5a5cf09c90fe2","0"
"0x4adf44961a7cbe8ee46b2bf04e7198e879677825","0x33566c9d8be6cf0b23795e0d380e112be9d75836","176039.46165"
"0x4adf44961a7cbe8ee46b2bf04e7198e879677825","0x33566c9d8be6cf0b23795e0d380e112be9d75836","377611.15925"
"0xb9c3832e688736ed8c8954d158cb6b00fca6c8f2","0x4adf44961a7cbe8ee46b2bf04e7198e879677825","545484.6033"
"0x4adf44961a7cbe8ee46b2bf04e7198e879677825","0x33566c9d8be6cf0b23795e0d380e112be9d75836","353719.648152"
"0x4adf44961a7cbe8ee46b2bf04e7198e879677825","0x92d6c1e31e14520e676a687f0a93788b716beff5","0"
"0x4adf44961a7cbe8ee46b2bf04e7198e879677825","0x92d6c1e31e14520e676a687f0a93788b716beff5","0"
"0x4adf44961a7cbe8ee46b2bf04e7198e879677825","0xa0c428a6f92ec53b57e08ddca91eeec777bc36ff","134.3095"
"0x4adf44961a7cbe8ee46b2bf04e7198e879677825","0x33566c9d8be6cf0b23795e0d380e112be9d75836","21489520"
"0x4adf44961a7cbe8ee46b2bf04e7198e879677825","0x33566c9d8be6cf0b23795e0d380e112be9d75836","188033.3"
"0x4adf44961a7cbe8ee46b2bf04e7198e879677825","0x33566c9d8be6cf0b23795e0d380e112be9d75836","749731.695639628"
